IP,Timestamp,Threat Type,Request,User Agent
234.80.209.190,21/Aug/2025:12:29:59 +0200,sql_injection,GET /search?q=' or 1=1 -- HTTP/1.1,
234.80.209.190,21/Aug/2025:12:29:59 +0200,suspicious_user_agent,GET /search?q=' or 1=1 -- HTTP/1.1,
95.28.132.68,21/Aug/2025:12:29:59 +0200,path_traversal,GET /download?path=../../../../etc/passwd HTTP/1.1,
95.28.132.68,21/Aug/2025:12:29:59 +0200,suspicious_user_agent,GET /download?path=../../../../etc/passwd HTTP/1.1,
202.66.59.74,21/Aug/2025:12:29:59 +0200,sql_injection,GET /report?delay=sleep(5) HTTP/1.1,
202.66.59.74,21/Aug/2025:12:29:59 +0200,suspicious_user_agent,GET /report?delay=sleep(5) HTTP/1.1,
241.108.26.150,21/Aug/2025:12:29:59 +0200,suspicious_user_agent,GET /shop/phone?page=5 HTTP/1.1,
26.50.121.115,21/Aug/2025:12:29:59 +0200,suspicious_user_agent,GET /shop/keyboard?page=2 HTTP/1.1,
164.36.201.243,21/Aug/2025:12:30:00 +0200,sql_injection,"GET /items?id=1 UNION SELECT username,password FROM users HTTP/1.1",
164.36.201.243,21/Aug/2025:12:30:00 +0200,suspicious_user_agent,"GET /items?id=1 UNION SELECT username,password FROM users HTTP/1.1",
16.220.126.31,21/Aug/2025:12:30:00 +0200,sql_injection,GET /report?delay=sleep(5) HTTP/1.1,
16.220.126.31,21/Aug/2025:12:30:00 +0200,suspicious_user_agent,GET /report?delay=sleep(5) HTTP/1.1,
154.12.232.141,21/Aug/2025:12:30:00 +0200,suspicious_user_agent,GET /shop/keyboard?page=3 HTTP/1.1,
211.28.240.56,21/Aug/2025:12:30:00 +0200,suspicious_user_agent,GET /shop/router?page=5 HTTP/1.1,
121.72.254.193,21/Aug/2025:12:30:00 +0200,suspicious_user_agent,GET /shop/router?page=3 HTTP/1.1,
189.177.130.87,21/Aug/2025:12:30:01 +0200,suspicious_user_agent,GET /shop/keyboard?page=3 HTTP/1.1,
200.206.221.203,21/Aug/2025:12:30:01 +0200,suspicious_user_agent,GET /shop/laptop?page=3 HTTP/1.1,
231.102.214.142,21/Aug/2025:12:30:01 +0200,sql_injection,"GET /items?id=1 UNION SELECT username,password FROM users HTTP/1.1",
231.102.214.142,21/Aug/2025:12:30:01 +0200,suspicious_user_agent,"GET /items?id=1 UNION SELECT username,password FROM users HTTP/1.1",
197.6.168.118,21/Aug/2025:12:30:01 +0200,xss_attack,GET /?q=<script>alert(1)</script> HTTP/1.1,
197.6.168.118,21/Aug/2025:12:30:01 +0200,suspicious_user_agent,GET /?q=<script>alert(1)</script> HTTP/1.1,
177.87.245.107,21/Aug/2025:12:30:01 +0200,suspicious_user_agent,GET /shop/router?page=4 HTTP/1.1,
84.124.135.19,21/Aug/2025:12:30:02 +0200,sensitive_paths,GET /login?user=admin&pass=admin' OR '1'='1 HTTP/1.1,
84.124.135.19,21/Aug/2025:12:30:02 +0200,suspicious_user_agent,GET /login?user=admin&pass=admin' OR '1'='1 HTTP/1.1,
73.32.206.15,21/Aug/2025:12:30:02 +0200,suspicious_user_agent,GET /shop/router?page=3 HTTP/1.1,
98.164.46.183,21/Aug/2025:12:30:02 +0200,suspicious_user_agent,GET /shop/keyboard?page=2 HTTP/1.1,
243.44.109.21,21/Aug/2025:12:30:02 +0200,sql_injection,GET /report?delay=sleep(5) HTTP/1.1,
243.44.109.21,21/Aug/2025:12:30:02 +0200,suspicious_user_agent,GET /report?delay=sleep(5) HTTP/1.1,
134.68.225.43,21/Aug/2025:12:30:02 +0200,sql_injection,"GET /items?id=1 UNION SELECT username,password FROM users HTTP/1.1",
134.68.225.43,21/Aug/2025:12:30:02 +0200,suspicious_user_agent,"GET /items?id=1 UNION SELECT username,password FROM users HTTP/1.1",
128.60.18.73,21/Aug/2025:12:30:03 +0200,suspicious_user_agent,GET /shop/laptop?page=4 HTTP/1.1,
24.147.93.29,21/Aug/2025:12:30:03 +0200,xss_attack,GET /?q=<script>alert(1)</script> HTTP/1.1,
24.147.93.29,21/Aug/2025:12:30:03 +0200,suspicious_user_agent,GET /?q=<script>alert(1)</script> HTTP/1.1,
211.5.190.159,21/Aug/2025:12:30:03 +0200,suspicious_user_agent,GET /shop/mouse?page=1 HTTP/1.1,
213.133.157.138,21/Aug/2025:12:30:03 +0200,suspicious_user_agent,GET /shop/mouse?page=3 HTTP/1.1,
106.102.10.200,21/Aug/2025:12:30:03 +0200,suspicious_user_agent,GET /shop/mouse?page=3 HTTP/1.1,
43.253.138.22,21/Aug/2025:12:30:04 +0200,suspicious_user_agent,GET /shop/router?page=3 HTTP/1.1,
157.191.191.160,21/Aug/2025:12:30:04 +0200,sql_injection,GET /search?q=' or 1=1 -- HTTP/1.1,
157.191.191.160,21/Aug/2025:12:30:04 +0200,suspicious_user_agent,GET /search?q=' or 1=1 -- HTTP/1.1,
17.149.97.82,21/Aug/2025:12:30:04 +0200,xss_attack,GET /?q=<script>alert(1)</script> HTTP/1.1,
17.149.97.82,21/Aug/2025:12:30:04 +0200,suspicious_user_agent,GET /?q=<script>alert(1)</script> HTTP/1.1,
90.120.238.228,21/Aug/2025:12:30:04 +0200,suspicious_user_agent,GET /shop/router?page=1 HTTP/1.1,
43.110.2.160,21/Aug/2025:12:30:04 +0200,suspicious_user_agent,GET /shop/phone?page=5 HTTP/1.1,
198.208.199.147,21/Aug/2025:12:30:05 +0200,suspicious_user_agent,GET /shop/mouse?page=5 HTTP/1.1,
165.132.121.152,21/Aug/2025:12:30:05 +0200,suspicious_user_agent,GET /shop/monitor?page=5 HTTP/1.1,
20.162.148.12,21/Aug/2025:12:30:05 +0200,suspicious_user_agent,GET /shop/phone?page=2 HTTP/1.1,
204.10.103.176,21/Aug/2025:12:30:05 +0200,suspicious_user_agent,GET /shop/laptop?page=2 HTTP/1.1,
146.74.81.144,21/Aug/2025:12:30:06 +0200,suspicious_user_agent,GET /shop/router?page=5 HTTP/1.1,
126.151.191.164,21/Aug/2025:12:30:06 +0200,sql_injection,GET /search?q=' or 1=1 -- HTTP/1.1,
126.151.191.164,21/Aug/2025:12:30:06 +0200,suspicious_user_agent,GET /search?q=' or 1=1 -- HTTP/1.1,
110.177.16.40,21/Aug/2025:12:30:06 +0200,suspicious_user_agent,GET /shop/keyboard?page=3 HTTP/1.1,
6.63.207.221,21/Aug/2025:12:30:06 +0200,suspicious_user_agent,GET /shop/monitor?page=5 HTTP/1.1,
178.159.219.33,21/Aug/2025:12:30:06 +0200,suspicious_user_agent,GET /shop/monitor?page=5 HTTP/1.1,
42.31.203.213,21/Aug/2025:12:30:07 +0200,sql_injection,GET /report?delay=sleep(5) HTTP/1.1,
42.31.203.213,21/Aug/2025:12:30:07 +0200,suspicious_user_agent,GET /report?delay=sleep(5) HTTP/1.1,
114.44.126.125,21/Aug/2025:12:30:07 +0200,suspicious_user_agent,GET /shop/mouse?page=4 HTTP/1.1,
183.162.145.209,21/Aug/2025:12:30:07 +0200,suspicious_user_agent,GET /shop/keyboard?page=3 HTTP/1.1,
62.30.227.7,21/Aug/2025:12:30:07 +0200,suspicious_user_agent,GET /shop/laptop?page=3 HTTP/1.1,
66.107.123.104,21/Aug/2025:12:30:07 +0200,suspicious_user_agent,GET /shop/mouse?page=3 HTTP/1.1,
76.2.204.114,21/Aug/2025:12:30:08 +0200,xss_attack,GET /?q=<script>alert(1)</script> HTTP/1.1,
76.2.204.114,21/Aug/2025:12:30:08 +0200,suspicious_user_agent,GET /?q=<script>alert(1)</script> HTTP/1.1,
6.248.98.21,21/Aug/2025:12:30:08 +0200,suspicious_user_agent,GET /shop/router?page=3 HTTP/1.1,
204.214.159.159,21/Aug/2025:12:30:08 +0200,suspicious_user_agent,GET /shop/phone?page=5 HTTP/1.1,
169.82.195.4,21/Aug/2025:12:30:08 +0200,suspicious_user_agent,GET /shop/laptop?page=3 HTTP/1.1,
243.120.89.250,21/Aug/2025:12:30:08 +0200,suspicious_user_agent,GET /shop/keyboard?page=5 HTTP/1.1,
113.153.115.187,21/Aug/2025:12:30:09 +0200,suspicious_user_agent,GET /shop/router?page=1 HTTP/1.1,
188.192.14.190,21/Aug/2025:12:30:09 +0200,suspicious_user_agent,GET /shop/router?page=4 HTTP/1.1,
190.28.199.135,21/Aug/2025:12:30:09 +0200,suspicious_user_agent,GET /shop/keyboard?page=5 HTTP/1.1,
36.117.173.49,21/Aug/2025:12:30:09 +0200,suspicious_user_agent,GET /shop/monitor?page=1 HTTP/1.1,
199.8.5.58,21/Aug/2025:12:30:09 +0200,suspicious_user_agent,GET /shop/laptop?page=5 HTTP/1.1,
161.51.226.106,21/Aug/2025:12:30:10 +0200,suspicious_user_agent,GET /shop/phone?page=4 HTTP/1.1,
40.122.195.169,21/Aug/2025:12:30:10 +0200,suspicious_user_agent,GET /shop/mouse?page=2 HTTP/1.1,
249.101.13.30,21/Aug/2025:12:30:10 +0200,suspicious_user_agent,GET /shop/mouse?page=5 HTTP/1.1,
192.57.247.82,21/Aug/2025:12:30:10 +0200,suspicious_user_agent,GET /shop/laptop?page=3 HTTP/1.1,
69.11.104.123,21/Aug/2025:12:30:10 +0200,sql_injection,GET /search?q=' or 1=1 -- HTTP/1.1,
69.11.104.123,21/Aug/2025:12:30:10 +0200,suspicious_user_agent,GET /search?q=' or 1=1 -- HTTP/1.1,
88.67.172.60,21/Aug/2025:12:30:11 +0200,suspicious_user_agent,GET /shop/mouse?page=5 HTTP/1.1,
49.187.59.101,21/Aug/2025:12:30:11 +0200,suspicious_user_agent,GET /shop/monitor?page=4 HTTP/1.1,
132.54.34.165,21/Aug/2025:12:30:11 +0200,sql_injection,GET /search?q=' or 1=1 -- HTTP/1.1,
132.54.34.165,21/Aug/2025:12:30:11 +0200,suspicious_user_agent,GET /search?q=' or 1=1 -- HTTP/1.1,
188.7.30.24,21/Aug/2025:12:30:11 +0200,suspicious_user_agent,GET /shop/monitor?page=1 HTTP/1.1,
98.213.83.182,21/Aug/2025:12:30:11 +0200,suspicious_user_agent,GET /shop/laptop?page=4 HTTP/1.1,
11.115.34.225,21/Aug/2025:12:30:12 +0200,suspicious_user_agent,GET /shop/laptop?page=5 HTTP/1.1,
186.62.176.235,21/Aug/2025:12:30:12 +0200,suspicious_user_agent,GET /shop/monitor?page=3 HTTP/1.1,
87.119.58.6,21/Aug/2025:12:30:12 +0200,sql_injection,GET /search?q=' or 1=1 -- HTTP/1.1,
87.119.58.6,21/Aug/2025:12:30:12 +0200,suspicious_user_agent,GET /search?q=' or 1=1 -- HTTP/1.1,
87.103.119.240,21/Aug/2025:12:30:12 +0200,sensitive_paths,GET /login?user=admin&pass=admin' OR '1'='1 HTTP/1.1,
87.103.119.240,21/Aug/2025:12:30:12 +0200,suspicious_user_agent,GET /login?user=admin&pass=admin' OR '1'='1 HTTP/1.1,
112.213.157.222,21/Aug/2025:12:30:12 +0200,suspicious_user_agent,GET /shop/laptop?page=3 HTTP/1.1,
44.13.211.211,21/Aug/2025:12:30:13 +0200,suspicious_user_agent,GET /shop/keyboard?page=4 HTTP/1.1,
118.41.103.116,21/Aug/2025:12:30:13 +0200,sql_injection,"GET /items?id=1 UNION SELECT username,password FROM users HTTP/1.1",
118.41.103.116,21/Aug/2025:12:30:13 +0200,suspicious_user_agent,"GET /items?id=1 UNION SELECT username,password FROM users HTTP/1.1",
131.248.119.80,21/Aug/2025:12:30:13 +0200,suspicious_user_agent,GET /shop/phone?page=3 HTTP/1.1,
180.53.201.25,21/Aug/2025:12:30:13 +0200,suspicious_user_agent,GET /shop/router?page=2 HTTP/1.1,
65.23.212.111,21/Aug/2025:12:30:13 +0200,suspicious_user_agent,GET /shop/monitor?page=5 HTTP/1.1,
48.76.97.119,21/Aug/2025:12:30:14 +0200,suspicious_user_agent,GET /shop/mouse?page=5 HTTP/1.1,
164.188.183.39,21/Aug/2025:12:30:14 +0200,suspicious_user_agent,GET /shop/monitor?page=5 HTTP/1.1,
71.196.253.211,21/Aug/2025:12:30:14 +0200,suspicious_user_agent,GET /shop/keyboard?page=3 HTTP/1.1,
98.123.212.139,21/Aug/2025:12:30:14 +0200,sql_injection,GET /search?q=' or 1=1 -- HTTP/1.1,
98.123.212.139,21/Aug/2025:12:30:14 +0200,suspicious_user_agent,GET /search?q=' or 1=1 -- HTTP/1.1,
190.54.3.19,21/Aug/2025:12:30:14 +0200,suspicious_user_agent,GET /shop/monitor?page=3 HTTP/1.1,
180.31.164.126,21/Aug/2025:12:30:15 +0200,suspicious_user_agent,GET /shop/router?page=2 HTTP/1.1,
11.48.178.10,21/Aug/2025:12:30:15 +0200,suspicious_user_agent,GET /shop/phone?page=4 HTTP/1.1,
183.57.181.123,21/Aug/2025:12:30:15 +0200,suspicious_user_agent,GET /shop/keyboard?page=4 HTTP/1.1,
166.38.186.155,21/Aug/2025:12:30:15 +0200,suspicious_user_agent,GET /shop/laptop?page=1 HTTP/1.1,
130.117.203.197,21/Aug/2025:12:30:16 +0200,suspicious_user_agent,GET /shop/mouse?page=5 HTTP/1.1,
100.65.245.222,21/Aug/2025:12:30:16 +0200,sensitive_paths,GET /login?user=admin&pass=admin' OR '1'='1 HTTP/1.1,
100.65.245.222,21/Aug/2025:12:30:16 +0200,suspicious_user_agent,GET /login?user=admin&pass=admin' OR '1'='1 HTTP/1.1,
169.193.18.209,21/Aug/2025:12:30:16 +0200,suspicious_user_agent,GET /shop/phone?page=1 HTTP/1.1,
221.193.74.147,21/Aug/2025:12:30:16 +0200,suspicious_user_agent,GET /shop/router?page=3 HTTP/1.1,
185.111.89.175,21/Aug/2025:12:30:16 +0200,sql_injection,"GET /items?id=1 UNION SELECT username,password FROM users HTTP/1.1",
185.111.89.175,21/Aug/2025:12:30:16 +0200,suspicious_user_agent,"GET /items?id=1 UNION SELECT username,password FROM users HTTP/1.1",
198.90.206.61,21/Aug/2025:12:30:17 +0200,suspicious_user_agent,GET /shop/monitor?page=1 HTTP/1.1,
70.17.101.69,21/Aug/2025:12:30:17 +0200,suspicious_user_agent,GET /shop/router?page=4 HTTP/1.1,
216.226.167.253,21/Aug/2025:12:30:17 +0200,suspicious_user_agent,GET /shop/router?page=3 HTTP/1.1,
224.60.81.112,21/Aug/2025:12:30:17 +0200,suspicious_user_agent,GET /shop/router?page=5 HTTP/1.1,
101.214.236.74,21/Aug/2025:12:30:17 +0200,sql_injection,GET /report?delay=sleep(5) HTTP/1.1,
101.214.236.74,21/Aug/2025:12:30:17 +0200,suspicious_user_agent,GET /report?delay=sleep(5) HTTP/1.1,
139.209.242.7,21/Aug/2025:12:30:18 +0200,suspicious_user_agent,GET /shop/laptop?page=5 HTTP/1.1,
4.201.220.232,21/Aug/2025:12:30:18 +0200,suspicious_user_agent,GET /shop/monitor?page=1 HTTP/1.1,
6.7.185.151,21/Aug/2025:12:30:18 +0200,suspicious_user_agent,GET /shop/router?page=3 HTTP/1.1,
21.246.68.177,21/Aug/2025:12:30:18 +0200,suspicious_user_agent,GET /shop/monitor?page=5 HTTP/1.1,
250.59.106.183,21/Aug/2025:12:30:18 +0200,suspicious_user_agent,GET /shop/laptop?page=2 HTTP/1.1,
9.64.28.39,21/Aug/2025:12:30:19 +0200,suspicious_user_agent,GET /shop/router?page=5 HTTP/1.1,
164.141.27.143,21/Aug/2025:12:30:19 +0200,suspicious_user_agent,GET /shop/phone?page=1 HTTP/1.1,
200.168.87.111,21/Aug/2025:12:30:19 +0200,suspicious_user_agent,GET /shop/phone?page=4 HTTP/1.1,
252.33.188.49,21/Aug/2025:12:30:19 +0200,suspicious_user_agent,GET /shop/mouse?page=5 HTTP/1.1,
148.57.248.99,21/Aug/2025:12:30:19 +0200,suspicious_user_agent,GET /shop/laptop?page=1 HTTP/1.1,
13.194.119.223,21/Aug/2025:12:30:20 +0200,suspicious_user_agent,GET /shop/keyboard?page=2 HTTP/1.1,
253.110.87.14,21/Aug/2025:12:30:20 +0200,suspicious_user_agent,GET /shop/laptop?page=4 HTTP/1.1,
56.168.83.88,21/Aug/2025:12:30:20 +0200,suspicious_user_agent,GET /shop/monitor?page=5 HTTP/1.1,
201.76.68.119,21/Aug/2025:12:30:20 +0200,suspicious_user_agent,GET /shop/mouse?page=4 HTTP/1.1,
177.132.6.30,21/Aug/2025:12:30:20 +0200,suspicious_user_agent,GET /shop/laptop?page=3 HTTP/1.1,
241.234.151.103,21/Aug/2025:12:30:21 +0200,suspicious_user_agent,GET /shop/router?page=4 HTTP/1.1,
43.4.240.78,21/Aug/2025:12:30:21 +0200,sql_injection,GET /search?q=' or 1=1 -- HTTP/1.1,
43.4.240.78,21/Aug/2025:12:30:21 +0200,suspicious_user_agent,GET /search?q=' or 1=1 -- HTTP/1.1,
45.208.42.8,21/Aug/2025:12:30:21 +0200,suspicious_user_agent,GET /shop/keyboard?page=5 HTTP/1.1,
187.20.104.114,21/Aug/2025:12:30:21 +0200,xss_attack,GET /?q=<script>alert(1)</script> HTTP/1.1,
187.20.104.114,21/Aug/2025:12:30:21 +0200,suspicious_user_agent,GET /?q=<script>alert(1)</script> HTTP/1.1,
167.154.152.89,21/Aug/2025:12:30:21 +0200,suspicious_user_agent,GET /shop/router?page=5 HTTP/1.1,
186.189.5.182,21/Aug/2025:12:30:22 +0200,suspicious_user_agent,GET /shop/mouse?page=1 HTTP/1.1,
65.136.15.206,21/Aug/2025:12:30:22 +0200,suspicious_user_agent,GET /shop/router?page=1 HTTP/1.1,
156.63.223.60,21/Aug/2025:12:30:22 +0200,suspicious_user_agent,GET /shop/phone?page=4 HTTP/1.1,
238.19.43.160,21/Aug/2025:12:30:22 +0200,suspicious_user_agent,GET /shop/keyboard?page=1 HTTP/1.1,
230.183.180.17,21/Aug/2025:12:30:22 +0200,suspicious_user_agent,GET /shop/laptop?page=3 HTTP/1.1,
144.180.124.44,21/Aug/2025:12:30:23 +0200,suspicious_user_agent,GET /shop/monitor?page=1 HTTP/1.1,
39.21.189.107,21/Aug/2025:12:30:23 +0200,suspicious_user_agent,GET /shop/monitor?page=2 HTTP/1.1,
87.240.98.80,21/Aug/2025:12:30:23 +0200,sql_injection,GET /search?q=' or 1=1 -- HTTP/1.1,
87.240.98.80,21/Aug/2025:12:30:23 +0200,suspicious_user_agent,GET /search?q=' or 1=1 -- HTTP/1.1,
138.197.75.156,21/Aug/2025:12:30:23 +0200,suspicious_user_agent,GET /shop/router?page=1 HTTP/1.1,
191.102.3.239,21/Aug/2025:12:30:23 +0200,sensitive_paths,GET /login?user=admin&pass=admin' OR '1'='1 HTTP/1.1,
191.102.3.239,21/Aug/2025:12:30:23 +0200,suspicious_user_agent,GET /login?user=admin&pass=admin' OR '1'='1 HTTP/1.1,
161.175.77.173,21/Aug/2025:12:30:24 +0200,suspicious_user_agent,GET /shop/monitor?page=3 HTTP/1.1,
31.66.189.64,21/Aug/2025:12:30:24 +0200,sql_injection,GET /report?delay=sleep(5) HTTP/1.1,
31.66.189.64,21/Aug/2025:12:30:24 +0200,suspicious_user_agent,GET /report?delay=sleep(5) HTTP/1.1,
26.165.137.104,21/Aug/2025:12:30:24 +0200,suspicious_user_agent,GET /shop/laptop?page=1 HTTP/1.1,
73.221.108.99,21/Aug/2025:12:30:24 +0200,suspicious_user_agent,GET /shop/mouse?page=4 HTTP/1.1,
179.26.1.162,21/Aug/2025:12:30:24 +0200,suspicious_user_agent,GET /shop/phone?page=5 HTTP/1.1,
92.40.40.82,21/Aug/2025:12:30:25 +0200,suspicious_user_agent,GET /shop/router?page=3 HTTP/1.1,
66.254.159.180,21/Aug/2025:12:30:25 +0200,suspicious_user_agent,GET /shop/router?page=3 HTTP/1.1,
224.217.60.48,21/Aug/2025:12:30:25 +0200,suspicious_user_agent,GET /shop/monitor?page=5 HTTP/1.1,
73.211.193.109,21/Aug/2025:12:30:25 +0200,suspicious_user_agent,GET /shop/mouse?page=2 HTTP/1.1,
209.53.48.58,21/Aug/2025:12:30:25 +0200,suspicious_user_agent,GET /shop/keyboard?page=1 HTTP/1.1,
35.63.4.55,21/Aug/2025:12:30:26 +0200,suspicious_user_agent,GET /shop/mouse?page=3 HTTP/1.1,
143.17.119.32,21/Aug/2025:12:30:26 +0200,suspicious_user_agent,GET /shop/router?page=4 HTTP/1.1,
117.27.25.218,21/Aug/2025:12:30:26 +0200,suspicious_user_agent,GET /shop/router?page=1 HTTP/1.1,
111.62.75.236,21/Aug/2025:12:30:26 +0200,suspicious_user_agent,GET /shop/mouse?page=4 HTTP/1.1,
20.237.225.234,21/Aug/2025:12:30:27 +0200,suspicious_user_agent,GET /shop/keyboard?page=5 HTTP/1.1,
59.169.12.179,21/Aug/2025:12:30:27 +0200,sql_injection,"GET /items?id=1 UNION SELECT username,password FROM users HTTP/1.1",
59.169.12.179,21/Aug/2025:12:30:27 +0200,suspicious_user_agent,"GET /items?id=1 UNION SELECT username,password FROM users HTTP/1.1",
154.222.107.222,21/Aug/2025:12:30:27 +0200,sql_injection,GET /search?q=' or 1=1 -- HTTP/1.1,
154.222.107.222,21/Aug/2025:12:30:27 +0200,suspicious_user_agent,GET /search?q=' or 1=1 -- HTTP/1.1,
183.26.149.17,21/Aug/2025:12:30:27 +0200,suspicious_user_agent,GET /shop/router?page=4 HTTP/1.1,
84.214.45.68,21/Aug/2025:12:30:27 +0200,xss_attack,GET /?q=<script>alert(1)</script> HTTP/1.1,
84.214.45.68,21/Aug/2025:12:30:27 +0200,suspicious_user_agent,GET /?q=<script>alert(1)</script> HTTP/1.1,
253.108.57.69,21/Aug/2025:12:30:28 +0200,suspicious_user_agent,GET /shop/phone?page=2 HTTP/1.1,
245.89.29.177,21/Aug/2025:12:30:28 +0200,suspicious_user_agent,GET /shop/mouse?page=4 HTTP/1.1,
111.3.94.252,21/Aug/2025:12:30:28 +0200,sensitive_paths,GET /login?user=admin&pass=admin' OR '1'='1 HTTP/1.1,
111.3.94.252,21/Aug/2025:12:30:28 +0200,suspicious_user_agent,GET /login?user=admin&pass=admin' OR '1'='1 HTTP/1.1,
48.227.216.22,21/Aug/2025:12:30:28 +0200,suspicious_user_agent,GET /shop/phone?page=1 HTTP/1.1,
54.39.65.208,21/Aug/2025:12:30:28 +0200,suspicious_user_agent,GET /shop/monitor?page=2 HTTP/1.1,
156.165.65.181,21/Aug/2025:12:30:29 +0200,suspicious_user_agent,GET /shop/router?page=3 HTTP/1.1,
141.161.27.221,21/Aug/2025:12:30:29 +0200,suspicious_user_agent,GET /shop/router?page=2 HTTP/1.1,
191.207.179.99,21/Aug/2025:12:30:29 +0200,suspicious_user_agent,GET /shop/keyboard?page=5 HTTP/1.1,
176.50.90.17,21/Aug/2025:12:30:29 +0200,suspicious_user_agent,GET /shop/monitor?page=2 HTTP/1.1,
174.173.223.141,21/Aug/2025:12:30:29 +0200,suspicious_user_agent,GET /shop/mouse?page=3 HTTP/1.1,
227.55.190.24,21/Aug/2025:12:30:30 +0200,suspicious_user_agent,GET /shop/laptop?page=5 HTTP/1.1,
73.165.169.16,21/Aug/2025:12:30:30 +0200,xss_attack,GET /?q=<script>alert(1)</script> HTTP/1.1,
73.165.169.16,21/Aug/2025:12:30:30 +0200,suspicious_user_agent,GET /?q=<script>alert(1)</script> HTTP/1.1,
204.192.218.30,21/Aug/2025:12:30:30 +0200,xss_attack,GET /?q=<script>alert(1)</script> HTTP/1.1,
204.192.218.30,21/Aug/2025:12:30:30 +0200,suspicious_user_agent,GET /?q=<script>alert(1)</script> HTTP/1.1,
97.162.162.151,21/Aug/2025:12:30:30 +0200,sql_injection,"GET /items?id=1 UNION SELECT username,password FROM users HTTP/1.1",
97.162.162.151,21/Aug/2025:12:30:30 +0200,suspicious_user_agent,"GET /items?id=1 UNION SELECT username,password FROM users HTTP/1.1",
28.209.147.14,21/Aug/2025:12:30:30 +0200,suspicious_user_agent,GET /shop/router?page=4 HTTP/1.1,
91.246.169.237,21/Aug/2025:12:30:31 +0200,suspicious_user_agent,GET /shop/mouse?page=3 HTTP/1.1,
24.232.38.27,21/Aug/2025:12:30:31 +0200,suspicious_user_agent,GET /shop/router?page=5 HTTP/1.1,
55.220.215.123,21/Aug/2025:12:30:31 +0200,sql_injection,GET /search?q=' or 1=1 -- HTTP/1.1,
55.220.215.123,21/Aug/2025:12:30:31 +0200,suspicious_user_agent,GET /search?q=' or 1=1 -- HTTP/1.1,
173.96.30.192,21/Aug/2025:12:30:31 +0200,suspicious_user_agent,GET /shop/laptop?page=3 HTTP/1.1,
22.249.151.49,21/Aug/2025:12:30:31 +0200,sql_injection,GET /report?delay=sleep(5) HTTP/1.1,
22.249.151.49,21/Aug/2025:12:30:31 +0200,suspicious_user_agent,GET /report?delay=sleep(5) HTTP/1.1,
12.197.241.108,21/Aug/2025:12:30:32 +0200,path_traversal,GET /download?path=../../../../etc/passwd HTTP/1.1,
12.197.241.108,21/Aug/2025:12:30:32 +0200,suspicious_user_agent,GET /download?path=../../../../etc/passwd HTTP/1.1,
223.181.136.29,21/Aug/2025:12:30:32 +0200,suspicious_user_agent,GET /shop/keyboard?page=4 HTTP/1.1,
207.8.40.208,21/Aug/2025:12:30:32 +0200,suspicious_user_agent,GET /shop/keyboard?page=3 HTTP/1.1,
240.113.179.11,21/Aug/2025:12:30:32 +0200,suspicious_user_agent,GET /shop/keyboard?page=5 HTTP/1.1,
188.241.36.77,21/Aug/2025:12:30:32 +0200,sql_injection,GET /report?delay=sleep(5) HTTP/1.1,
188.241.36.77,21/Aug/2025:12:30:32 +0200,suspicious_user_agent,GET /report?delay=sleep(5) HTTP/1.1,
32.246.178.25,21/Aug/2025:12:30:33 +0200,suspicious_user_agent,GET /shop/phone?page=1 HTTP/1.1,
90.165.177.206,21/Aug/2025:12:30:33 +0200,path_traversal,GET /download?path=../../../../etc/passwd HTTP/1.1,
90.165.177.206,21/Aug/2025:12:30:33 +0200,suspicious_user_agent,GET /download?path=../../../../etc/passwd HTTP/1.1,
166.31.113.123,21/Aug/2025:12:30:33 +0200,suspicious_user_agent,GET /shop/mouse?page=4 HTTP/1.1,
93.174.195.96,21/Aug/2025:12:30:33 +0200,sql_injection,"GET /items?id=1 UNION SELECT username,password FROM users HTTP/1.1",
93.174.195.96,21/Aug/2025:12:30:33 +0200,suspicious_user_agent,"GET /items?id=1 UNION SELECT username,password FROM users HTTP/1.1",
123.46.188.52,21/Aug/2025:12:30:33 +0200,suspicious_user_agent,GET /shop/mouse?page=3 HTTP/1.1,
34.90.243.45,21/Aug/2025:12:30:34 +0200,suspicious_user_agent,GET /shop/mouse?page=1 HTTP/1.1,
202.75.112.46,21/Aug/2025:12:30:34 +0200,sql_injection,GET /report?delay=sleep(5) HTTP/1.1,
202.75.112.46,21/Aug/2025:12:30:34 +0200,suspicious_user_agent,GET /report?delay=sleep(5) HTTP/1.1,
17.152.194.49,21/Aug/2025:12:30:34 +0200,sql_injection,"GET /items?id=1 UNION SELECT username,password FROM users HTTP/1.1",
17.152.194.49,21/Aug/2025:12:30:34 +0200,suspicious_user_agent,"GET /items?id=1 UNION SELECT username,password FROM users HTTP/1.1",
18.196.229.243,21/Aug/2025:12:30:34 +0200,suspicious_user_agent,GET /shop/mouse?page=4 HTTP/1.1,
175.63.197.47,21/Aug/2025:12:30:34 +0200,suspicious_user_agent,GET /shop/keyboard?page=5 HTTP/1.1,
6.51.224.147,21/Aug/2025:12:30:35 +0200,suspicious_user_agent,GET /shop/keyboard?page=4 HTTP/1.1,
131.169.79.138,21/Aug/2025:12:30:35 +0200,suspicious_user_agent,GET /shop/mouse?page=2 HTTP/1.1,
129.220.152.21,21/Aug/2025:12:30:35 +0200,suspicious_user_agent,GET /shop/laptop?page=5 HTTP/1.1,
69.132.136.126,21/Aug/2025:12:30:35 +0200,xss_attack,GET /?q=<script>alert(1)</script> HTTP/1.1,
69.132.136.126,21/Aug/2025:12:30:35 +0200,suspicious_user_agent,GET /?q=<script>alert(1)</script> HTTP/1.1,
146.223.33.230,21/Aug/2025:12:30:35 +0200,sensitive_paths,GET /login?user=admin&pass=admin' OR '1'='1 HTTP/1.1,
146.223.33.230,21/Aug/2025:12:30:35 +0200,suspicious_user_agent,GET /login?user=admin&pass=admin' OR '1'='1 HTTP/1.1,
47.115.31.192,21/Aug/2025:12:30:36 +0200,suspicious_user_agent,GET /shop/monitor?page=1 HTTP/1.1,
51.89.164.127,21/Aug/2025:12:30:36 +0200,suspicious_user_agent,GET /shop/phone?page=3 HTTP/1.1,
243.84.244.92,21/Aug/2025:12:30:36 +0200,suspicious_user_agent,GET /shop/router?page=2 HTTP/1.1,
233.58.196.96,21/Aug/2025:12:30:36 +0200,suspicious_user_agent,GET /shop/mouse?page=5 HTTP/1.1,
3.197.124.20,21/Aug/2025:12:30:36 +0200,suspicious_user_agent,GET /shop/monitor?page=1 HTTP/1.1,
219.241.209.147,21/Aug/2025:12:30:37 +0200,suspicious_user_agent,GET /shop/monitor?page=4 HTTP/1.1,
194.142.241.36,21/Aug/2025:12:30:37 +0200,sql_injection,GET /search?q=' or 1=1 -- HTTP/1.1,
194.142.241.36,21/Aug/2025:12:30:37 +0200,suspicious_user_agent,GET /search?q=' or 1=1 -- HTTP/1.1,
93.67.25.179,21/Aug/2025:12:30:37 +0200,suspicious_user_agent,GET /shop/mouse?page=1 HTTP/1.1,
66.85.60.112,21/Aug/2025:12:30:37 +0200,suspicious_user_agent,GET /shop/router?page=2 HTTP/1.1,
131.112.216.134,21/Aug/2025:12:30:37 +0200,suspicious_user_agent,GET /shop/keyboard?page=2 HTTP/1.1,
58.123.149.131,21/Aug/2025:12:30:38 +0200,suspicious_user_agent,GET /shop/phone?page=4 HTTP/1.1,
36.232.132.10,21/Aug/2025:12:30:38 +0200,suspicious_user_agent,GET /shop/phone?page=5 HTTP/1.1,
66.84.142.224,21/Aug/2025:12:30:38 +0200,suspicious_user_agent,GET /shop/laptop?page=1 HTTP/1.1,
169.251.234.236,21/Aug/2025:12:30:38 +0200,suspicious_user_agent,GET /shop/phone?page=5 HTTP/1.1,
96.231.179.82,21/Aug/2025:12:30:39 +0200,suspicious_user_agent,GET /shop/laptop?page=5 HTTP/1.1,
31.213.189.75,21/Aug/2025:12:30:39 +0200,suspicious_user_agent,GET /shop/monitor?page=1 HTTP/1.1,
249.129.76.135,21/Aug/2025:12:30:39 +0200,suspicious_user_agent,GET /shop/laptop?page=3 HTTP/1.1,
69.30.61.150,21/Aug/2025:12:30:39 +0200,suspicious_user_agent,GET /shop/keyboard?page=1 HTTP/1.1,
225.192.81.127,21/Aug/2025:12:30:39 +0200,suspicious_user_agent,GET /shop/phone?page=5 HTTP/1.1,
32.142.235.218,21/Aug/2025:12:30:40 +0200,suspicious_user_agent,GET /shop/mouse?page=4 HTTP/1.1,
80.82.127.90,21/Aug/2025:12:30:40 +0200,suspicious_user_agent,GET /shop/keyboard?page=1 HTTP/1.1,
245.119.20.58,21/Aug/2025:12:30:40 +0200,sensitive_paths,GET /login?user=admin&pass=admin' OR '1'='1 HTTP/1.1,
245.119.20.58,21/Aug/2025:12:30:40 +0200,suspicious_user_agent,GET /login?user=admin&pass=admin' OR '1'='1 HTTP/1.1,
170.58.244.242,21/Aug/2025:12:30:40 +0200,sensitive_paths,GET /login?user=admin&pass=admin' OR '1'='1 HTTP/1.1,
170.58.244.242,21/Aug/2025:12:30:40 +0200,suspicious_user_agent,GET /login?user=admin&pass=admin' OR '1'='1 HTTP/1.1,
183.96.210.144,21/Aug/2025:12:30:40 +0200,suspicious_user_agent,GET /shop/mouse?page=4 HTTP/1.1,
206.210.63.13,21/Aug/2025:12:30:41 +0200,sql_injection,"GET /items?id=1 UNION SELECT username,password FROM users HTTP/1.1",
206.210.63.13,21/Aug/2025:12:30:41 +0200,suspicious_user_agent,"GET /items?id=1 UNION SELECT username,password FROM users HTTP/1.1",
159.213.24.112,21/Aug/2025:12:30:41 +0200,suspicious_user_agent,GET /shop/router?page=3 HTTP/1.1,
78.87.240.56,21/Aug/2025:12:30:41 +0200,suspicious_user_agent,GET /shop/keyboard?page=5 HTTP/1.1,
144.90.235.63,21/Aug/2025:12:30:41 +0200,sql_injection,GET /search?q=' or 1=1 -- HTTP/1.1,
144.90.235.63,21/Aug/2025:12:30:41 +0200,suspicious_user_agent,GET /search?q=' or 1=1 -- HTTP/1.1,
227.230.153.147,21/Aug/2025:12:30:41 +0200,suspicious_user_agent,GET /shop/mouse?page=4 HTTP/1.1,
111.18.210.41,21/Aug/2025:12:30:42 +0200,suspicious_user_agent,GET /shop/laptop?page=1 HTTP/1.1,
248.101.21.3,21/Aug/2025:12:30:42 +0200,suspicious_user_agent,GET /shop/phone?page=3 HTTP/1.1,
57.254.18.103,21/Aug/2025:12:30:42 +0200,sql_injection,GET /report?delay=sleep(5) HTTP/1.1,
57.254.18.103,21/Aug/2025:12:30:42 +0200,suspicious_user_agent,GET /report?delay=sleep(5) HTTP/1.1,
51.141.130.22,21/Aug/2025:12:30:42 +0200,suspicious_user_agent,GET /shop/router?page=1 HTTP/1.1,
80.27.55.2,21/Aug/2025:12:30:42 +0200,path_traversal,GET /download?path=../../../../etc/passwd HTTP/1.1,
80.27.55.2,21/Aug/2025:12:30:42 +0200,suspicious_user_agent,GET /download?path=../../../../etc/passwd HTTP/1.1,
14.99.71.27,21/Aug/2025:12:30:43 +0200,suspicious_user_agent,GET /shop/monitor?page=4 HTTP/1.1,
217.159.70.184,21/Aug/2025:12:30:43 +0200,sql_injection,GET /report?delay=sleep(5) HTTP/1.1,
217.159.70.184,21/Aug/2025:12:30:43 +0200,suspicious_user_agent,GET /report?delay=sleep(5) HTTP/1.1,
114.52.124.234,21/Aug/2025:12:30:43 +0200,suspicious_user_agent,GET /shop/router?page=3 HTTP/1.1,
116.154.86.215,21/Aug/2025:12:30:43 +0200,suspicious_user_agent,GET /shop/mouse?page=3 HTTP/1.1,
175.119.32.99,21/Aug/2025:12:30:43 +0200,path_traversal,GET /download?path=../../../../etc/passwd HTTP/1.1,
175.119.32.99,21/Aug/2025:12:30:43 +0200,suspicious_user_agent,GET /download?path=../../../../etc/passwd HTTP/1.1,
206.123.37.86,21/Aug/2025:12:30:44 +0200,suspicious_user_agent,GET /shop/laptop?page=3 HTTP/1.1,
169.135.231.5,21/Aug/2025:12:30:44 +0200,sensitive_paths,GET /login?user=admin&pass=admin' OR '1'='1 HTTP/1.1,
169.135.231.5,21/Aug/2025:12:30:44 +0200,suspicious_user_agent,GET /login?user=admin&pass=admin' OR '1'='1 HTTP/1.1,
58.199.75.14,21/Aug/2025:12:30:44 +0200,suspicious_user_agent,GET /shop/mouse?page=5 HTTP/1.1,
199.229.39.44,21/Aug/2025:12:30:44 +0200,suspicious_user_agent,GET /shop/router?page=3 HTTP/1.1,
129.84.247.138,21/Aug/2025:12:30:44 +0200,sql_injection,GET /search?q=' or 1=1 -- HTTP/1.1,
129.84.247.138,21/Aug/2025:12:30:44 +0200,suspicious_user_agent,GET /search?q=' or 1=1 -- HTTP/1.1,
87.225.159.36,21/Aug/2025:12:30:45 +0200,suspicious_user_agent,GET /shop/mouse?page=4 HTTP/1.1,
37.202.61.194,21/Aug/2025:12:30:45 +0200,suspicious_user_agent,GET /shop/keyboard?page=1 HTTP/1.1,
68.133.75.219,21/Aug/2025:12:30:45 +0200,suspicious_user_agent,GET /shop/laptop?page=1 HTTP/1.1,
100.111.43.122,21/Aug/2025:12:30:45 +0200,xss_attack,GET /?q=<script>alert(1)</script> HTTP/1.1,
100.111.43.122,21/Aug/2025:12:30:45 +0200,suspicious_user_agent,GET /?q=<script>alert(1)</script> HTTP/1.1,
34.7.1.179,21/Aug/2025:12:30:45 +0200,suspicious_user_agent,GET /shop/phone?page=2 HTTP/1.1,
210.237.1.71,21/Aug/2025:12:30:46 +0200,suspicious_user_agent,GET /shop/router?page=4 HTTP/1.1,
59.221.36.53,21/Aug/2025:12:30:46 +0200,suspicious_user_agent,GET /shop/mouse?page=2 HTTP/1.1,
42.114.137.175,21/Aug/2025:12:30:46 +0200,suspicious_user_agent,GET /shop/monitor?page=1 HTTP/1.1,
133.192.4.145,21/Aug/2025:12:30:46 +0200,suspicious_user_agent,GET /shop/laptop?page=5 HTTP/1.1,
89.10.1.156,21/Aug/2025:12:30:46 +0200,suspicious_user_agent,GET /shop/mouse?page=1 HTTP/1.1,
237.16.186.14,21/Aug/2025:12:30:47 +0200,xss_attack,GET /?q=<script>alert(1)</script> HTTP/1.1,
237.16.186.14,21/Aug/2025:12:30:47 +0200,suspicious_user_agent,GET /?q=<script>alert(1)</script> HTTP/1.1,
45.130.153.113,21/Aug/2025:12:30:47 +0200,suspicious_user_agent,GET /shop/router?page=4 HTTP/1.1,
166.123.133.59,21/Aug/2025:12:30:47 +0200,suspicious_user_agent,GET /shop/mouse?page=1 HTTP/1.1,
179.229.94.177,21/Aug/2025:12:30:47 +0200,sensitive_paths,GET /login?user=admin&pass=admin' OR '1'='1 HTTP/1.1,
179.229.94.177,21/Aug/2025:12:30:47 +0200,suspicious_user_agent,GET /login?user=admin&pass=admin' OR '1'='1 HTTP/1.1,
233.249.141.107,21/Aug/2025:12:30:47 +0200,sensitive_paths,GET /login?user=admin&pass=admin' OR '1'='1 HTTP/1.1,
233.249.141.107,21/Aug/2025:12:30:47 +0200,suspicious_user_agent,GET /login?user=admin&pass=admin' OR '1'='1 HTTP/1.1,
1.95.9.92,21/Aug/2025:12:30:48 +0200,suspicious_user_agent,GET /shop/laptop?page=3 HTTP/1.1,
204.22.211.183,21/Aug/2025:12:30:48 +0200,suspicious_user_agent,GET /shop/laptop?page=3 HTTP/1.1,
152.7.17.49,21/Aug/2025:12:30:48 +0200,suspicious_user_agent,GET /shop/laptop?page=1 HTTP/1.1,
99.244.12.234,21/Aug/2025:12:30:48 +0200,suspicious_user_agent,GET /shop/keyboard?page=1 HTTP/1.1,
4.167.198.200,21/Aug/2025:12:30:49 +0200,path_traversal,GET /download?path=../../../../etc/passwd HTTP/1.1,
4.167.198.200,21/Aug/2025:12:30:49 +0200,suspicious_user_agent,GET /download?path=../../../../etc/passwd HTTP/1.1,
24.216.247.61,21/Aug/2025:12:30:49 +0200,suspicious_user_agent,GET /shop/mouse?page=3 HTTP/1.1,
143.242.124.24,21/Aug/2025:12:30:49 +0200,suspicious_user_agent,GET /shop/phone?page=4 HTTP/1.1,
198.165.221.21,21/Aug/2025:12:30:49 +0200,sql_injection,GET /report?delay=sleep(5) HTTP/1.1,
198.165.221.21,21/Aug/2025:12:30:49 +0200,suspicious_user_agent,GET /report?delay=sleep(5) HTTP/1.1,
127.138.221.4,21/Aug/2025:12:30:49 +0200,sql_injection,GET /search?q=' or 1=1 -- HTTP/1.1,
127.138.221.4,21/Aug/2025:12:30:49 +0200,suspicious_user_agent,GET /search?q=' or 1=1 -- HTTP/1.1,
17.228.185.94,21/Aug/2025:12:30:50 +0200,sql_injection,"GET /items?id=1 UNION SELECT username,password FROM users HTTP/1.1",
17.228.185.94,21/Aug/2025:12:30:50 +0200,suspicious_user_agent,"GET /items?id=1 UNION SELECT username,password FROM users HTTP/1.1",
18.248.21.207,21/Aug/2025:12:30:50 +0200,path_traversal,GET /download?path=../../../../etc/passwd HTTP/1.1,
18.248.21.207,21/Aug/2025:12:30:50 +0200,suspicious_user_agent,GET /download?path=../../../../etc/passwd HTTP/1.1,
243.136.28.33,21/Aug/2025:12:30:50 +0200,suspicious_user_agent,GET /shop/monitor?page=1 HTTP/1.1,
140.117.34.97,21/Aug/2025:12:30:50 +0200,sensitive_paths,GET /login?user=admin&pass=admin' OR '1'='1 HTTP/1.1,
140.117.34.97,21/Aug/2025:12:30:50 +0200,suspicious_user_agent,GET /login?user=admin&pass=admin' OR '1'='1 HTTP/1.1,
158.177.89.136,21/Aug/2025:12:30:50 +0200,suspicious_user_agent,GET /shop/mouse?page=5 HTTP/1.1,
55.179.25.1,21/Aug/2025:12:30:51 +0200,suspicious_user_agent,GET /shop/phone?page=1 HTTP/1.1,
247.230.15.21,21/Aug/2025:12:30:51 +0200,suspicious_user_agent,GET /shop/phone?page=2 HTTP/1.1,
104.166.69.95,21/Aug/2025:12:30:51 +0200,path_traversal,GET /download?path=../../../../etc/passwd HTTP/1.1,
104.166.69.95,21/Aug/2025:12:30:51 +0200,suspicious_user_agent,GET /download?path=../../../../etc/passwd HTTP/1.1,
214.60.254.141,21/Aug/2025:12:30:51 +0200,suspicious_user_agent,GET /shop/mouse?page=2 HTTP/1.1,
137.62.93.140,21/Aug/2025:12:30:51 +0200,suspicious_user_agent,GET /shop/phone?page=1 HTTP/1.1,
50.10.229.231,21/Aug/2025:12:30:52 +0200,sql_injection,GET /search?q=' or 1=1 -- HTTP/1.1,
50.10.229.231,21/Aug/2025:12:30:52 +0200,suspicious_user_agent,GET /search?q=' or 1=1 -- HTTP/1.1,
58.146.202.233,21/Aug/2025:12:30:52 +0200,suspicious_user_agent,GET /shop/router?page=1 HTTP/1.1,
33.127.207.107,21/Aug/2025:12:30:52 +0200,suspicious_user_agent,GET /shop/phone?page=1 HTTP/1.1,
130.41.70.46,21/Aug/2025:12:30:52 +0200,suspicious_user_agent,GET /shop/laptop?page=5 HTTP/1.1,
153.237.119.32,21/Aug/2025:12:30:52 +0200,suspicious_user_agent,GET /shop/router?page=3 HTTP/1.1,
138.6.146.225,21/Aug/2025:12:30:53 +0200,suspicious_user_agent,GET /shop/keyboard?page=5 HTTP/1.1,
152.69.247.210,21/Aug/2025:12:30:53 +0200,suspicious_user_agent,GET /shop/phone?page=4 HTTP/1.1,
179.25.235.189,21/Aug/2025:12:30:53 +0200,suspicious_user_agent,GET /shop/keyboard?page=1 HTTP/1.1,
105.169.130.92,21/Aug/2025:12:30:53 +0200,suspicious_user_agent,GET /shop/phone?page=1 HTTP/1.1,
99.141.170.88,21/Aug/2025:12:30:53 +0200,suspicious_user_agent,GET /shop/laptop?page=2 HTTP/1.1,
70.143.153.142,21/Aug/2025:12:30:54 +0200,suspicious_user_agent,GET /shop/keyboard?page=1 HTTP/1.1,
65.168.239.59,21/Aug/2025:12:30:54 +0200,xss_attack,GET /?q=<script>alert(1)</script> HTTP/1.1,
65.168.239.59,21/Aug/2025:12:30:54 +0200,suspicious_user_agent,GET /?q=<script>alert(1)</script> HTTP/1.1,
247.69.187.217,21/Aug/2025:12:30:54 +0200,suspicious_user_agent,GET /shop/monitor?page=5 HTTP/1.1,
62.178.56.190,21/Aug/2025:12:30:54 +0200,suspicious_user_agent,GET /shop/router?page=1 HTTP/1.1,
195.159.249.188,21/Aug/2025:12:30:54 +0200,suspicious_user_agent,GET /shop/monitor?page=5 HTTP/1.1,
52.72.205.143,21/Aug/2025:12:30:55 +0200,suspicious_user_agent,GET /shop/monitor?page=3 HTTP/1.1,
48.143.44.74,21/Aug/2025:12:30:55 +0200,suspicious_user_agent,GET /shop/keyboard?page=2 HTTP/1.1,
61.106.32.40,21/Aug/2025:12:30:55 +0200,suspicious_user_agent,GET /shop/monitor?page=2 HTTP/1.1,
252.27.147.60,21/Aug/2025:12:30:55 +0200,path_traversal,GET /download?path=../../../../etc/passwd HTTP/1.1,
252.27.147.60,21/Aug/2025:12:30:55 +0200,suspicious_user_agent,GET /download?path=../../../../etc/passwd HTTP/1.1,
168.219.64.155,21/Aug/2025:12:30:55 +0200,suspicious_user_agent,GET /shop/laptop?page=5 HTTP/1.1,
131.58.33.221,21/Aug/2025:12:30:56 +0200,suspicious_user_agent,GET /shop/phone?page=1 HTTP/1.1,
1.71.32.99,21/Aug/2025:12:30:56 +0200,suspicious_user_agent,GET /shop/phone?page=2 HTTP/1.1,
196.78.112.157,21/Aug/2025:12:30:56 +0200,suspicious_user_agent,GET /shop/router?page=1 HTTP/1.1,
246.178.86.108,21/Aug/2025:12:30:56 +0200,suspicious_user_agent,GET /shop/phone?page=4 HTTP/1.1,
55.207.80.89,21/Aug/2025:12:30:56 +0200,sql_injection,GET /search?q=' or 1=1 -- HTTP/1.1,
55.207.80.89,21/Aug/2025:12:30:56 +0200,suspicious_user_agent,GET /search?q=' or 1=1 -- HTTP/1.1,
29.33.215.97,21/Aug/2025:12:30:57 +0200,suspicious_user_agent,GET /shop/router?page=4 HTTP/1.1,
106.36.195.41,21/Aug/2025:12:30:57 +0200,suspicious_user_agent,GET /shop/laptop?page=4 HTTP/1.1,
213.211.170.144,21/Aug/2025:12:30:57 +0200,suspicious_user_agent,GET /shop/phone?page=1 HTTP/1.1,
204.125.225.16,21/Aug/2025:12:30:57 +0200,suspicious_user_agent,GET /shop/keyboard?page=4 HTTP/1.1,
28.24.4.93,21/Aug/2025:12:30:57 +0200,sql_injection,"GET /items?id=1 UNION SELECT username,password FROM users HTTP/1.1",
28.24.4.93,21/Aug/2025:12:30:57 +0200,suspicious_user_agent,"GET /items?id=1 UNION SELECT username,password FROM users HTTP/1.1",
54.51.63.206,21/Aug/2025:12:30:58 +0200,suspicious_user_agent,GET /shop/keyboard?page=2 HTTP/1.1,
151.112.203.69,21/Aug/2025:12:30:58 +0200,suspicious_user_agent,GET /shop/mouse?page=5 HTTP/1.1,
32.58.204.233,21/Aug/2025:12:30:58 +0200,suspicious_user_agent,GET /shop/phone?page=5 HTTP/1.1,
38.111.82.177,21/Aug/2025:12:30:58 +0200,suspicious_user_agent,GET /shop/laptop?page=3 HTTP/1.1,
9.184.210.74,21/Aug/2025:12:30:58 +0200,suspicious_user_agent,GET /shop/monitor?page=4 HTTP/1.1,
190.197.230.218,21/Aug/2025:12:30:59 +0200,suspicious_user_agent,GET /shop/phone?page=1 HTTP/1.1,
250.134.100.28,21/Aug/2025:12:30:59 +0200,suspicious_user_agent,GET /shop/monitor?page=5 HTTP/1.1,
162.180.18.195,21/Aug/2025:12:30:59 +0200,suspicious_user_agent,GET /shop/router?page=4 HTTP/1.1,
115.119.3.80,21/Aug/2025:12:30:59 +0200,suspicious_user_agent,GET /shop/phone?page=4 HTTP/1.1,
172.191.151.22,21/Aug/2025:12:31:00 +0200,suspicious_user_agent,GET /shop/monitor?page=4 HTTP/1.1,
171.46.82.146,21/Aug/2025:12:31:00 +0200,suspicious_user_agent,GET /shop/mouse?page=4 HTTP/1.1,
37.177.144.217,21/Aug/2025:12:31:00 +0200,suspicious_user_agent,GET /shop/mouse?page=4 HTTP/1.1,
8.197.92.7,21/Aug/2025:12:31:00 +0200,suspicious_user_agent,GET /shop/router?page=1 HTTP/1.1,
196.243.98.43,21/Aug/2025:12:31:00 +0200,suspicious_user_agent,GET /shop/mouse?page=2 HTTP/1.1,
20.67.157.184,21/Aug/2025:12:31:01 +0200,sql_injection,GET /search?q=' or 1=1 -- HTTP/1.1,
20.67.157.184,21/Aug/2025:12:31:01 +0200,suspicious_user_agent,GET /search?q=' or 1=1 -- HTTP/1.1,
40.142.42.1,21/Aug/2025:12:31:01 +0200,suspicious_user_agent,GET /shop/keyboard?page=2 HTTP/1.1,
69.196.95.31,21/Aug/2025:12:31:01 +0200,suspicious_user_agent,GET /shop/phone?page=1 HTTP/1.1,
80.119.167.152,21/Aug/2025:12:31:01 +0200,suspicious_user_agent,GET /shop/laptop?page=5 HTTP/1.1,
232.158.196.7,21/Aug/2025:12:31:01 +0200,suspicious_user_agent,GET /shop/laptop?page=4 HTTP/1.1,
101.22.210.229,21/Aug/2025:12:31:02 +0200,suspicious_user_agent,GET /shop/keyboard?page=1 HTTP/1.1,
116.154.141.247,21/Aug/2025:12:31:02 +0200,suspicious_user_agent,GET /shop/phone?page=1 HTTP/1.1,
171.109.128.72,21/Aug/2025:12:31:02 +0200,suspicious_user_agent,GET /shop/monitor?page=4 HTTP/1.1,
200.22.101.53,21/Aug/2025:12:31:02 +0200,suspicious_user_agent,GET /shop/router?page=3 HTTP/1.1,
225.218.159.63,21/Aug/2025:12:31:02 +0200,suspicious_user_agent,GET /shop/keyboard?page=2 HTTP/1.1,
19.207.172.111,21/Aug/2025:12:31:03 +0200,sensitive_paths,GET /login?user=admin&pass=admin' OR '1'='1 HTTP/1.1,
19.207.172.111,21/Aug/2025:12:31:03 +0200,suspicious_user_agent,GET /login?user=admin&pass=admin' OR '1'='1 HTTP/1.1,
146.8.249.134,21/Aug/2025:12:31:03 +0200,suspicious_user_agent,GET /shop/monitor?page=5 HTTP/1.1,
244.67.34.247,21/Aug/2025:12:31:03 +0200,suspicious_user_agent,GET /shop/phone?page=5 HTTP/1.1,
249.116.216.39,21/Aug/2025:12:31:03 +0200,suspicious_user_agent,GET /shop/router?page=4 HTTP/1.1,
236.139.57.214,21/Aug/2025:12:31:03 +0200,xss_attack,GET /?q=<script>alert(1)</script> HTTP/1.1,
236.139.57.214,21/Aug/2025:12:31:03 +0200,suspicious_user_agent,GET /?q=<script>alert(1)</script> HTTP/1.1,
55.158.29.77,21/Aug/2025:12:31:04 +0200,suspicious_user_agent,GET /shop/phone?page=5 HTTP/1.1,
9.10.163.128,21/Aug/2025:12:31:04 +0200,sql_injection,"GET /items?id=1 UNION SELECT username,password FROM users HTTP/1.1",
9.10.163.128,21/Aug/2025:12:31:04 +0200,suspicious_user_agent,"GET /items?id=1 UNION SELECT username,password FROM users HTTP/1.1",
99.128.224.93,21/Aug/2025:12:31:04 +0200,sql_injection,"GET /items?id=1 UNION SELECT username,password FROM users HTTP/1.1",
99.128.224.93,21/Aug/2025:12:31:04 +0200,suspicious_user_agent,"GET /items?id=1 UNION SELECT username,password FROM users HTTP/1.1",
108.206.158.135,21/Aug/2025:12:31:04 +0200,suspicious_user_agent,GET /shop/phone?page=3 HTTP/1.1,
117.112.3.247,21/Aug/2025:12:31:04 +0200,xss_attack,GET /?q=<script>alert(1)</script> HTTP/1.1,
117.112.3.247,21/Aug/2025:12:31:04 +0200,suspicious_user_agent,GET /?q=<script>alert(1)</script> HTTP/1.1,
80.184.46.81,21/Aug/2025:12:31:05 +0200,suspicious_user_agent,GET /shop/mouse?page=2 HTTP/1.1,
54.156.97.192,21/Aug/2025:12:31:05 +0200,sql_injection,"GET /items?id=1 UNION SELECT username,password FROM users HTTP/1.1",
54.156.97.192,21/Aug/2025:12:31:05 +0200,suspicious_user_agent,"GET /items?id=1 UNION SELECT username,password FROM users HTTP/1.1",
247.246.130.161,21/Aug/2025:12:31:05 +0200,sql_injection,GET /search?q=' or 1=1 -- HTTP/1.1,
247.246.130.161,21/Aug/2025:12:31:05 +0200,suspicious_user_agent,GET /search?q=' or 1=1 -- HTTP/1.1,
118.131.240.154,21/Aug/2025:12:31:05 +0200,suspicious_user_agent,GET /shop/monitor?page=4 HTTP/1.1,
160.80.71.82,21/Aug/2025:12:31:05 +0200,suspicious_user_agent,GET /shop/keyboard?page=2 HTTP/1.1,
14.46.45.172,21/Aug/2025:12:31:06 +0200,suspicious_user_agent,GET /shop/router?page=5 HTTP/1.1,
179.45.77.201,21/Aug/2025:12:31:06 +0200,xss_attack,GET /?q=<script>alert(1)</script> HTTP/1.1,
179.45.77.201,21/Aug/2025:12:31:06 +0200,suspicious_user_agent,GET /?q=<script>alert(1)</script> HTTP/1.1,
211.197.212.68,21/Aug/2025:12:31:06 +0200,suspicious_user_agent,GET /shop/router?page=5 HTTP/1.1,
223.185.202.163,21/Aug/2025:12:31:06 +0200,suspicious_user_agent,GET /shop/mouse?page=1 HTTP/1.1,
6.56.17.129,21/Aug/2025:12:31:06 +0200,suspicious_user_agent,GET /shop/phone?page=1 HTTP/1.1,
252.42.143.173,21/Aug/2025:12:31:07 +0200,suspicious_user_agent,GET /shop/monitor?page=1 HTTP/1.1,
59.242.152.27,21/Aug/2025:12:31:07 +0200,path_traversal,GET /download?path=../../../../etc/passwd HTTP/1.1,
59.242.152.27,21/Aug/2025:12:31:07 +0200,suspicious_user_agent,GET /download?path=../../../../etc/passwd HTTP/1.1,
22.232.123.72,21/Aug/2025:12:31:07 +0200,suspicious_user_agent,GET /shop/router?page=5 HTTP/1.1,
192.219.44.86,21/Aug/2025:12:31:07 +0200,suspicious_user_agent,GET /shop/keyboard?page=2 HTTP/1.1,
178.156.198.163,21/Aug/2025:12:31:07 +0200,suspicious_user_agent,GET /shop/monitor?page=4 HTTP/1.1,
154.228.148.42,21/Aug/2025:12:31:08 +0200,sensitive_paths,GET /login?user=admin&pass=admin' OR '1'='1 HTTP/1.1,
154.228.148.42,21/Aug/2025:12:31:08 +0200,suspicious_user_agent,GET /login?user=admin&pass=admin' OR '1'='1 HTTP/1.1,
186.92.105.89,21/Aug/2025:12:31:08 +0200,sql_injection,"GET /items?id=1 UNION SELECT username,password FROM users HTTP/1.1",
186.92.105.89,21/Aug/2025:12:31:08 +0200,suspicious_user_agent,"GET /items?id=1 UNION SELECT username,password FROM users HTTP/1.1",
64.159.54.16,21/Aug/2025:12:31:08 +0200,suspicious_user_agent,GET /shop/mouse?page=1 HTTP/1.1,
254.232.29.6,21/Aug/2025:12:31:08 +0200,path_traversal,GET /download?path=../../../../etc/passwd HTTP/1.1,
254.232.29.6,21/Aug/2025:12:31:08 +0200,suspicious_user_agent,GET /download?path=../../../../etc/passwd HTTP/1.1,
106.56.71.227,21/Aug/2025:12:31:08 +0200,sql_injection,GET /report?delay=sleep(5) HTTP/1.1,
106.56.71.227,21/Aug/2025:12:31:08 +0200,suspicious_user_agent,GET /report?delay=sleep(5) HTTP/1.1,
35.80.217.160,21/Aug/2025:12:31:09 +0200,suspicious_user_agent,GET /shop/phone?page=2 HTTP/1.1,
242.96.189.59,21/Aug/2025:12:31:09 +0200,path_traversal,GET /download?path=../../../../etc/passwd HTTP/1.1,
242.96.189.59,21/Aug/2025:12:31:09 +0200,suspicious_user_agent,GET /download?path=../../../../etc/passwd HTTP/1.1,
117.121.59.69,21/Aug/2025:12:31:09 +0200,suspicious_user_agent,GET /shop/phone?page=3 HTTP/1.1,
218.17.160.154,21/Aug/2025:12:31:09 +0200,suspicious_user_agent,GET /shop/phone?page=2 HTTP/1.1,
245.18.241.38,21/Aug/2025:12:31:09 +0200,sql_injection,GET /report?delay=sleep(5) HTTP/1.1,
245.18.241.38,21/Aug/2025:12:31:09 +0200,suspicious_user_agent,GET /report?delay=sleep(5) HTTP/1.1,
193.148.21.31,21/Aug/2025:12:31:10 +0200,xss_attack,GET /?q=<script>alert(1)</script> HTTP/1.1,
193.148.21.31,21/Aug/2025:12:31:10 +0200,suspicious_user_agent,GET /?q=<script>alert(1)</script> HTTP/1.1,
154.29.245.157,21/Aug/2025:12:31:10 +0200,sql_injection,GET /report?delay=sleep(5) HTTP/1.1,
154.29.245.157,21/Aug/2025:12:31:10 +0200,suspicious_user_agent,GET /report?delay=sleep(5) HTTP/1.1,
170.87.169.143,21/Aug/2025:12:31:10 +0200,suspicious_user_agent,GET /shop/mouse?page=3 HTTP/1.1,
163.48.89.132,21/Aug/2025:12:31:10 +0200,sql_injection,GET /search?q=' or 1=1 -- HTTP/1.1,
163.48.89.132,21/Aug/2025:12:31:10 +0200,suspicious_user_agent,GET /search?q=' or 1=1 -- HTTP/1.1,
246.241.22.238,21/Aug/2025:12:31:11 +0200,suspicious_user_agent,GET /shop/phone?page=2 HTTP/1.1,
195.200.221.137,21/Aug/2025:12:31:11 +0200,sensitive_paths,GET /login?user=admin&pass=admin' OR '1'='1 HTTP/1.1,
195.200.221.137,21/Aug/2025:12:31:11 +0200,suspicious_user_agent,GET /login?user=admin&pass=admin' OR '1'='1 HTTP/1.1,
163.221.187.153,21/Aug/2025:12:31:11 +0200,xss_attack,GET /?q=<script>alert(1)</script> HTTP/1.1,
163.221.187.153,21/Aug/2025:12:31:11 +0200,suspicious_user_agent,GET /?q=<script>alert(1)</script> HTTP/1.1,
122.88.213.102,21/Aug/2025:12:31:11 +0200,suspicious_user_agent,GET /shop/phone?page=2 HTTP/1.1,
175.29.170.160,21/Aug/2025:12:31:11 +0200,sensitive_paths,GET /login?user=admin&pass=admin' OR '1'='1 HTTP/1.1,
175.29.170.160,21/Aug/2025:12:31:11 +0200,suspicious_user_agent,GET /login?user=admin&pass=admin' OR '1'='1 HTTP/1.1,
63.48.10.162,21/Aug/2025:12:31:12 +0200,suspicious_user_agent,GET /shop/monitor?page=4 HTTP/1.1,
88.26.237.119,21/Aug/2025:12:31:12 +0200,sql_injection,GET /report?delay=sleep(5) HTTP/1.1,
88.26.237.119,21/Aug/2025:12:31:12 +0200,suspicious_user_agent,GET /report?delay=sleep(5) HTTP/1.1,
151.159.112.197,21/Aug/2025:12:31:12 +0200,sql_injection,"GET /items?id=1 UNION SELECT username,password FROM users HTTP/1.1",
151.159.112.197,21/Aug/2025:12:31:12 +0200,suspicious_user_agent,"GET /items?id=1 UNION SELECT username,password FROM users HTTP/1.1",
128.58.174.11,21/Aug/2025:12:31:12 +0200,sql_injection,GET /report?delay=sleep(5) HTTP/1.1,
128.58.174.11,21/Aug/2025:12:31:12 +0200,suspicious_user_agent,GET /report?delay=sleep(5) HTTP/1.1,
58.69.90.159,21/Aug/2025:12:31:12 +0200,suspicious_user_agent,GET /shop/phone?page=5 HTTP/1.1,
225.123.73.82,21/Aug/2025:12:31:13 +0200,suspicious_user_agent,GET /shop/router?page=1 HTTP/1.1,
158.245.215.175,21/Aug/2025:12:31:13 +0200,suspicious_user_agent,GET /shop/laptop?page=3 HTTP/1.1,
113.233.31.72,21/Aug/2025:12:31:13 +0200,suspicious_user_agent,GET /shop/laptop?page=2 HTTP/1.1,
24.74.183.73,21/Aug/2025:12:31:13 +0200,suspicious_user_agent,GET /shop/monitor?page=4 HTTP/1.1,
124.139.190.251,21/Aug/2025:12:31:13 +0200,suspicious_user_agent,GET /shop/phone?page=4 HTTP/1.1,
8.68.169.17,21/Aug/2025:12:31:14 +0200,suspicious_user_agent,GET /shop/phone?page=5 HTTP/1.1,
240.185.207.208,21/Aug/2025:12:31:14 +0200,suspicious_user_agent,GET /shop/phone?page=2 HTTP/1.1,
54.168.12.13,21/Aug/2025:12:31:14 +0200,suspicious_user_agent,GET /shop/router?page=1 HTTP/1.1,
114.123.100.72,21/Aug/2025:12:31:14 +0200,suspicious_user_agent,GET /shop/mouse?page=4 HTTP/1.1,
169.18.11.85,21/Aug/2025:12:31:14 +0200,suspicious_user_agent,GET /shop/laptop?page=1 HTTP/1.1,
217.167.51.184,21/Aug/2025:12:31:15 +0200,sensitive_paths,GET /login?user=admin&pass=admin' OR '1'='1 HTTP/1.1,
217.167.51.184,21/Aug/2025:12:31:15 +0200,suspicious_user_agent,GET /login?user=admin&pass=admin' OR '1'='1 HTTP/1.1,
165.96.56.32,21/Aug/2025:12:31:15 +0200,suspicious_user_agent,GET /shop/keyboard?page=2 HTTP/1.1,
240.189.67.253,21/Aug/2025:12:31:15 +0200,suspicious_user_agent,GET /shop/mouse?page=5 HTTP/1.1,
60.36.118.166,21/Aug/2025:12:31:15 +0200,suspicious_user_agent,GET /shop/phone?page=4 HTTP/1.1,
125.178.197.111,21/Aug/2025:12:31:15 +0200,suspicious_user_agent,GET /shop/keyboard?page=2 HTTP/1.1,
227.225.1.16,21/Aug/2025:12:31:16 +0200,sql_injection,GET /search?q=' or 1=1 -- HTTP/1.1,
227.225.1.16,21/Aug/2025:12:31:16 +0200,suspicious_user_agent,GET /search?q=' or 1=1 -- HTTP/1.1,
84.19.116.168,21/Aug/2025:12:31:16 +0200,suspicious_user_agent,GET /shop/laptop?page=5 HTTP/1.1,
178.186.148.84,21/Aug/2025:12:31:16 +0200,suspicious_user_agent,GET /shop/monitor?page=2 HTTP/1.1,
9.149.173.247,21/Aug/2025:12:31:16 +0200,suspicious_user_agent,GET /shop/keyboard?page=2 HTTP/1.1,
241.112.181.19,21/Aug/2025:12:31:16 +0200,suspicious_user_agent,GET /shop/monitor?page=2 HTTP/1.1,
80.57.119.74,21/Aug/2025:12:31:17 +0200,sql_injection,"GET /items?id=1 UNION SELECT username,password FROM users HTTP/1.1",
80.57.119.74,21/Aug/2025:12:31:17 +0200,suspicious_user_agent,"GET /items?id=1 UNION SELECT username,password FROM users HTTP/1.1",
25.92.234.110,21/Aug/2025:12:31:17 +0200,suspicious_user_agent,GET /shop/router?page=5 HTTP/1.1,
24.170.103.58,21/Aug/2025:12:31:17 +0200,suspicious_user_agent,GET /shop/phone?page=5 HTTP/1.1,
77.56.4.236,21/Aug/2025:12:31:17 +0200,suspicious_user_agent,GET /shop/keyboard?page=3 HTTP/1.1,
142.144.121.73,21/Aug/2025:12:31:17 +0200,suspicious_user_agent,GET /shop/laptop?page=3 HTTP/1.1,
252.216.187.74,21/Aug/2025:12:31:18 +0200,suspicious_user_agent,GET /shop/router?page=1 HTTP/1.1,
39.147.205.140,21/Aug/2025:12:31:18 +0200,suspicious_user_agent,GET /shop/keyboard?page=2 HTTP/1.1,
125.73.60.7,21/Aug/2025:12:31:18 +0200,suspicious_user_agent,GET /shop/router?page=4 HTTP/1.1,
180.234.229.232,21/Aug/2025:12:31:18 +0200,suspicious_user_agent,GET /shop/keyboard?page=2 HTTP/1.1,
176.148.62.203,21/Aug/2025:12:31:18 +0200,suspicious_user_agent,GET /shop/keyboard?page=5 HTTP/1.1,
250.193.230.31,21/Aug/2025:12:31:19 +0200,suspicious_user_agent,GET /shop/phone?page=1 HTTP/1.1,
179.110.41.248,21/Aug/2025:12:31:19 +0200,suspicious_user_agent,GET /shop/router?page=2 HTTP/1.1,
13.230.124.59,21/Aug/2025:12:31:19 +0200,sql_injection,GET /search?q=' or 1=1 -- HTTP/1.1,
13.230.124.59,21/Aug/2025:12:31:19 +0200,suspicious_user_agent,GET /search?q=' or 1=1 -- HTTP/1.1,
250.87.144.241,21/Aug/2025:12:31:19 +0200,suspicious_user_agent,GET /shop/monitor?page=4 HTTP/1.1,
136.146.192.170,21/Aug/2025:12:31:19 +0200,suspicious_user_agent,GET /shop/phone?page=5 HTTP/1.1,
222.241.122.104,21/Aug/2025:12:31:20 +0200,sql_injection,GET /search?q=' or 1=1 -- HTTP/1.1,
222.241.122.104,21/Aug/2025:12:31:20 +0200,suspicious_user_agent,GET /search?q=' or 1=1 -- HTTP/1.1,
172.71.199.161,21/Aug/2025:12:31:20 +0200,sql_injection,GET /search?q=' or 1=1 -- HTTP/1.1,
172.71.199.161,21/Aug/2025:12:31:20 +0200,suspicious_user_agent,GET /search?q=' or 1=1 -- HTTP/1.1,
139.136.77.125,21/Aug/2025:12:31:20 +0200,suspicious_user_agent,GET /shop/mouse?page=5 HTTP/1.1,
127.173.209.88,21/Aug/2025:12:31:20 +0200,suspicious_user_agent,GET /shop/phone?page=4 HTTP/1.1,
57.136.129.252,21/Aug/2025:12:31:20 +0200,sql_injection,GET /report?delay=sleep(5) HTTP/1.1,
57.136.129.252,21/Aug/2025:12:31:20 +0200,suspicious_user_agent,GET /report?delay=sleep(5) HTTP/1.1,
136.216.106.93,21/Aug/2025:12:31:21 +0200,suspicious_user_agent,GET /shop/mouse?page=4 HTTP/1.1,
195.157.17.17,21/Aug/2025:12:31:21 +0200,suspicious_user_agent,GET /shop/mouse?page=2 HTTP/1.1,
151.210.2.94,21/Aug/2025:12:31:21 +0200,suspicious_user_agent,GET /shop/monitor?page=3 HTTP/1.1,
72.195.2.69,21/Aug/2025:12:31:21 +0200,suspicious_user_agent,GET /shop/laptop?page=1 HTTP/1.1,
93.103.83.10,21/Aug/2025:12:31:22 +0200,suspicious_user_agent,GET /shop/keyboard?page=3 HTTP/1.1,
42.51.1.60,21/Aug/2025:12:31:22 +0200,suspicious_user_agent,GET /shop/phone?page=4 HTTP/1.1,
96.62.198.241,21/Aug/2025:12:31:22 +0200,path_traversal,GET /download?path=../../../../etc/passwd HTTP/1.1,
96.62.198.241,21/Aug/2025:12:31:22 +0200,suspicious_user_agent,GET /download?path=../../../../etc/passwd HTTP/1.1,
114.148.244.153,21/Aug/2025:12:31:22 +0200,suspicious_user_agent,GET /shop/keyboard?page=1 HTTP/1.1,
47.121.41.183,21/Aug/2025:12:31:22 +0200,suspicious_user_agent,GET /shop/laptop?page=1 HTTP/1.1,
11.135.100.240,21/Aug/2025:12:31:23 +0200,suspicious_user_agent,GET /shop/phone?page=5 HTTP/1.1,
71.2.33.228,21/Aug/2025:12:31:23 +0200,xss_attack,GET /?q=<script>alert(1)</script> HTTP/1.1,
71.2.33.228,21/Aug/2025:12:31:23 +0200,suspicious_user_agent,GET /?q=<script>alert(1)</script> HTTP/1.1,
1.173.226.45,21/Aug/2025:12:31:23 +0200,sensitive_paths,GET /login?user=admin&pass=admin' OR '1'='1 HTTP/1.1,
1.173.226.45,21/Aug/2025:12:31:23 +0200,suspicious_user_agent,GET /login?user=admin&pass=admin' OR '1'='1 HTTP/1.1,
228.128.139.167,21/Aug/2025:12:31:23 +0200,sensitive_paths,GET /login?user=admin&pass=admin' OR '1'='1 HTTP/1.1,
228.128.139.167,21/Aug/2025:12:31:23 +0200,suspicious_user_agent,GET /login?user=admin&pass=admin' OR '1'='1 HTTP/1.1,
30.84.54.147,21/Aug/2025:12:31:23 +0200,suspicious_user_agent,GET /shop/laptop?page=2 HTTP/1.1,
234.14.73.240,21/Aug/2025:12:31:24 +0200,suspicious_user_agent,GET /shop/phone?page=5 HTTP/1.1,
98.97.173.24,21/Aug/2025:12:31:24 +0200,suspicious_user_agent,GET /shop/mouse?page=3 HTTP/1.1,
222.168.51.162,21/Aug/2025:12:31:24 +0200,suspicious_user_agent,GET /shop/monitor?page=4 HTTP/1.1,
244.28.107.7,21/Aug/2025:12:31:24 +0200,suspicious_user_agent,GET /shop/router?page=5 HTTP/1.1,
39.125.69.169,21/Aug/2025:12:31:24 +0200,suspicious_user_agent,GET /shop/keyboard?page=2 HTTP/1.1,
240.245.200.107,21/Aug/2025:12:31:25 +0200,suspicious_user_agent,GET /shop/laptop?page=5 HTTP/1.1,
223.185.15.104,21/Aug/2025:12:31:25 +0200,xss_attack,GET /?q=<script>alert(1)</script> HTTP/1.1,
223.185.15.104,21/Aug/2025:12:31:25 +0200,suspicious_user_agent,GET /?q=<script>alert(1)</script> HTTP/1.1,
248.247.11.132,21/Aug/2025:12:31:25 +0200,sql_injection,"GET /items?id=1 UNION SELECT username,password FROM users HTTP/1.1",
248.247.11.132,21/Aug/2025:12:31:25 +0200,suspicious_user_agent,"GET /items?id=1 UNION SELECT username,password FROM users HTTP/1.1",
185.247.246.220,21/Aug/2025:12:31:25 +0200,suspicious_user_agent,GET /shop/mouse?page=3 HTTP/1.1,
129.18.205.230,21/Aug/2025:12:31:25 +0200,suspicious_user_agent,GET /shop/laptop?page=3 HTTP/1.1,
69.217.91.56,21/Aug/2025:12:31:26 +0200,sql_injection,GET /search?q=' or 1=1 -- HTTP/1.1,
69.217.91.56,21/Aug/2025:12:31:26 +0200,suspicious_user_agent,GET /search?q=' or 1=1 -- HTTP/1.1,
220.43.79.236,21/Aug/2025:12:31:26 +0200,suspicious_user_agent,GET /shop/keyboard?page=5 HTTP/1.1,
2.220.123.195,21/Aug/2025:12:31:26 +0200,sql_injection,GET /report?delay=sleep(5) HTTP/1.1,
2.220.123.195,21/Aug/2025:12:31:26 +0200,suspicious_user_agent,GET /report?delay=sleep(5) HTTP/1.1,
136.116.3.242,21/Aug/2025:12:31:26 +0200,suspicious_user_agent,GET /shop/phone?page=2 HTTP/1.1,
54.228.179.8,21/Aug/2025:12:31:26 +0200,suspicious_user_agent,GET /shop/phone?page=4 HTTP/1.1,
112.216.234.157,21/Aug/2025:12:31:27 +0200,suspicious_user_agent,GET /shop/laptop?page=3 HTTP/1.1,
187.62.192.188,21/Aug/2025:12:31:27 +0200,suspicious_user_agent,GET /shop/router?page=2 HTTP/1.1,
185.62.37.96,21/Aug/2025:12:31:27 +0200,suspicious_user_agent,GET /shop/keyboard?page=5 HTTP/1.1,
96.39.81.231,21/Aug/2025:12:31:27 +0200,suspicious_user_agent,GET /shop/phone?page=2 HTTP/1.1,
161.185.247.160,21/Aug/2025:12:31:27 +0200,suspicious_user_agent,GET /shop/keyboard?page=1 HTTP/1.1,
48.85.38.215,21/Aug/2025:12:31:28 +0200,suspicious_user_agent,GET /shop/laptop?page=5 HTTP/1.1,
47.247.213.115,21/Aug/2025:12:31:28 +0200,suspicious_user_agent,GET /shop/phone?page=1 HTTP/1.1,
24.158.124.115,21/Aug/2025:12:31:28 +0200,suspicious_user_agent,GET /shop/mouse?page=2 HTTP/1.1,
194.179.208.88,21/Aug/2025:12:31:28 +0200,suspicious_user_agent,GET /shop/mouse?page=1 HTTP/1.1,
95.133.246.184,21/Aug/2025:12:31:28 +0200,suspicious_user_agent,GET /shop/monitor?page=3 HTTP/1.1,
82.3.47.55,21/Aug/2025:12:31:29 +0200,suspicious_user_agent,GET /shop/router?page=5 HTTP/1.1,
139.162.190.204,21/Aug/2025:12:31:29 +0200,suspicious_user_agent,GET /shop/mouse?page=1 HTTP/1.1,
4.249.109.33,21/Aug/2025:12:31:29 +0200,sql_injection,"GET /items?id=1 UNION SELECT username,password FROM users HTTP/1.1",
4.249.109.33,21/Aug/2025:12:31:29 +0200,suspicious_user_agent,"GET /items?id=1 UNION SELECT username,password FROM users HTTP/1.1",
166.154.199.85,21/Aug/2025:12:31:29 +0200,suspicious_user_agent,GET /shop/keyboard?page=4 HTTP/1.1,
196.214.153.121,21/Aug/2025:12:31:29 +0200,sql_injection,GET /search?q=' or 1=1 -- HTTP/1.1,
196.214.153.121,21/Aug/2025:12:31:29 +0200,suspicious_user_agent,GET /search?q=' or 1=1 -- HTTP/1.1,
236.146.180.80,21/Aug/2025:12:31:30 +0200,suspicious_user_agent,GET /shop/monitor?page=2 HTTP/1.1,
163.104.224.146,21/Aug/2025:12:31:30 +0200,suspicious_user_agent,GET /shop/router?page=2 HTTP/1.1,
157.151.141.22,21/Aug/2025:12:31:30 +0200,suspicious_user_agent,GET /shop/phone?page=4 HTTP/1.1,
137.103.91.228,21/Aug/2025:12:31:30 +0200,sensitive_paths,GET /login?user=admin&pass=admin' OR '1'='1 HTTP/1.1,
137.103.91.228,21/Aug/2025:12:31:30 +0200,suspicious_user_agent,GET /login?user=admin&pass=admin' OR '1'='1 HTTP/1.1,
251.253.202.124,21/Aug/2025:12:31:30 +0200,suspicious_user_agent,GET /shop/laptop?page=3 HTTP/1.1,
34.50.230.155,21/Aug/2025:12:31:31 +0200,suspicious_user_agent,GET /shop/keyboard?page=5 HTTP/1.1,
29.215.217.8,21/Aug/2025:12:31:31 +0200,sensitive_paths,GET /login?user=admin&pass=admin' OR '1'='1 HTTP/1.1,
29.215.217.8,21/Aug/2025:12:31:31 +0200,suspicious_user_agent,GET /login?user=admin&pass=admin' OR '1'='1 HTTP/1.1,
124.160.191.138,21/Aug/2025:12:31:31 +0200,suspicious_user_agent,GET /shop/router?page=1 HTTP/1.1,
11.89.50.136,21/Aug/2025:12:31:31 +0200,sql_injection,GET /report?delay=sleep(5) HTTP/1.1,
11.89.50.136,21/Aug/2025:12:31:31 +0200,suspicious_user_agent,GET /report?delay=sleep(5) HTTP/1.1,
42.116.190.98,21/Aug/2025:12:31:32 +0200,suspicious_user_agent,GET /shop/phone?page=1 HTTP/1.1,
119.212.249.140,21/Aug/2025:12:31:32 +0200,sql_injection,"GET /items?id=1 UNION SELECT username,password FROM users HTTP/1.1",
119.212.249.140,21/Aug/2025:12:31:32 +0200,suspicious_user_agent,"GET /items?id=1 UNION SELECT username,password FROM users HTTP/1.1",
153.210.131.242,21/Aug/2025:12:31:32 +0200,suspicious_user_agent,GET /shop/phone?page=3 HTTP/1.1,
43.164.36.202,21/Aug/2025:12:31:32 +0200,path_traversal,GET /download?path=../../../../etc/passwd HTTP/1.1,
43.164.36.202,21/Aug/2025:12:31:32 +0200,suspicious_user_agent,GET /download?path=../../../../etc/passwd HTTP/1.1,
114.237.176.129,21/Aug/2025:12:31:32 +0200,suspicious_user_agent,GET /shop/monitor?page=4 HTTP/1.1,
251.163.127.133,21/Aug/2025:12:31:33 +0200,suspicious_user_agent,GET /shop/mouse?page=5 HTTP/1.1,
11.230.47.49,21/Aug/2025:12:31:33 +0200,sql_injection,GET /search?q=' or 1=1 -- HTTP/1.1,
11.230.47.49,21/Aug/2025:12:31:33 +0200,suspicious_user_agent,GET /search?q=' or 1=1 -- HTTP/1.1,
74.182.132.227,21/Aug/2025:12:31:33 +0200,suspicious_user_agent,GET /shop/mouse?page=3 HTTP/1.1,
215.73.136.190,21/Aug/2025:12:31:33 +0200,sensitive_paths,GET /login?user=admin&pass=admin' OR '1'='1 HTTP/1.1,
215.73.136.190,21/Aug/2025:12:31:33 +0200,suspicious_user_agent,GET /login?user=admin&pass=admin' OR '1'='1 HTTP/1.1,
228.47.58.189,21/Aug/2025:12:31:33 +0200,sql_injection,GET /report?delay=sleep(5) HTTP/1.1,
228.47.58.189,21/Aug/2025:12:31:33 +0200,suspicious_user_agent,GET /report?delay=sleep(5) HTTP/1.1,
189.102.17.182,21/Aug/2025:12:31:34 +0200,suspicious_user_agent,GET /shop/laptop?page=1 HTTP/1.1,
221.167.87.71,21/Aug/2025:12:31:34 +0200,suspicious_user_agent,GET /shop/monitor?page=2 HTTP/1.1,
236.170.162.40,21/Aug/2025:12:31:34 +0200,sql_injection,GET /report?delay=sleep(5) HTTP/1.1,
236.170.162.40,21/Aug/2025:12:31:34 +0200,suspicious_user_agent,GET /report?delay=sleep(5) HTTP/1.1,
189.22.78.81,21/Aug/2025:12:31:34 +0200,sql_injection,GET /report?delay=sleep(5) HTTP/1.1,
189.22.78.81,21/Aug/2025:12:31:34 +0200,suspicious_user_agent,GET /report?delay=sleep(5) HTTP/1.1,
132.228.249.43,21/Aug/2025:12:31:34 +0200,suspicious_user_agent,GET /shop/keyboard?page=3 HTTP/1.1,
254.19.167.3,21/Aug/2025:12:31:35 +0200,suspicious_user_agent,GET /shop/monitor?page=3 HTTP/1.1,
131.161.228.150,21/Aug/2025:12:31:35 +0200,suspicious_user_agent,GET /shop/phone?page=2 HTTP/1.1,
48.51.65.2,21/Aug/2025:12:31:35 +0200,suspicious_user_agent,GET /shop/phone?page=3 HTTP/1.1,
216.152.127.85,21/Aug/2025:12:31:35 +0200,suspicious_user_agent,GET /shop/router?page=1 HTTP/1.1,
102.109.104.79,21/Aug/2025:12:31:35 +0200,suspicious_user_agent,GET /shop/laptop?page=5 HTTP/1.1,
153.95.142.197,21/Aug/2025:12:31:36 +0200,suspicious_user_agent,GET /shop/keyboard?page=5 HTTP/1.1,
113.7.19.1,21/Aug/2025:12:31:36 +0200,suspicious_user_agent,GET /shop/phone?page=4 HTTP/1.1,
122.205.239.222,21/Aug/2025:12:31:36 +0200,suspicious_user_agent,GET /shop/phone?page=2 HTTP/1.1,
40.191.169.59,21/Aug/2025:12:31:36 +0200,suspicious_user_agent,GET /shop/keyboard?page=3 HTTP/1.1,
135.152.95.11,21/Aug/2025:12:31:36 +0200,suspicious_user_agent,GET /shop/monitor?page=4 HTTP/1.1,
59.120.12.58,21/Aug/2025:12:31:37 +0200,suspicious_user_agent,GET /shop/phone?page=5 HTTP/1.1,
148.60.128.54,21/Aug/2025:12:31:37 +0200,suspicious_user_agent,GET /shop/monitor?page=5 HTTP/1.1,
237.19.36.110,21/Aug/2025:12:31:37 +0200,suspicious_user_agent,GET /shop/laptop?page=4 HTTP/1.1,
70.110.139.26,21/Aug/2025:12:31:37 +0200,sensitive_paths,GET /login?user=admin&pass=admin' OR '1'='1 HTTP/1.1,
70.110.139.26,21/Aug/2025:12:31:37 +0200,suspicious_user_agent,GET /login?user=admin&pass=admin' OR '1'='1 HTTP/1.1,
140.254.197.146,21/Aug/2025:12:31:37 +0200,suspicious_user_agent,GET /shop/mouse?page=5 HTTP/1.1,
2.129.187.131,21/Aug/2025:12:31:38 +0200,path_traversal,GET /download?path=../../../../etc/passwd HTTP/1.1,
2.129.187.131,21/Aug/2025:12:31:38 +0200,suspicious_user_agent,GET /download?path=../../../../etc/passwd HTTP/1.1,
180.150.132.102,21/Aug/2025:12:31:38 +0200,suspicious_user_agent,GET /shop/phone?page=5 HTTP/1.1,
150.56.9.140,21/Aug/2025:12:31:38 +0200,suspicious_user_agent,GET /shop/laptop?page=2 HTTP/1.1,
39.113.199.220,21/Aug/2025:12:31:38 +0200,suspicious_user_agent,GET /shop/laptop?page=1 HTTP/1.1,
87.139.47.152,21/Aug/2025:12:31:38 +0200,suspicious_user_agent,GET /shop/mouse?page=3 HTTP/1.1,
189.109.193.132,21/Aug/2025:12:31:39 +0200,sql_injection,GET /search?q=' or 1=1 -- HTTP/1.1,
189.109.193.132,21/Aug/2025:12:31:39 +0200,suspicious_user_agent,GET /search?q=' or 1=1 -- HTTP/1.1,
151.163.170.191,21/Aug/2025:12:31:39 +0200,suspicious_user_agent,GET /shop/laptop?page=5 HTTP/1.1,
236.219.163.146,21/Aug/2025:12:31:39 +0200,xss_attack,GET /?q=<script>alert(1)</script> HTTP/1.1,
236.219.163.146,21/Aug/2025:12:31:39 +0200,suspicious_user_agent,GET /?q=<script>alert(1)</script> HTTP/1.1,
6.176.138.114,21/Aug/2025:12:31:39 +0200,suspicious_user_agent,GET /shop/keyboard?page=1 HTTP/1.1,
191.76.23.160,21/Aug/2025:12:31:39 +0200,sql_injection,GET /report?delay=sleep(5) HTTP/1.1,
191.76.23.160,21/Aug/2025:12:31:39 +0200,suspicious_user_agent,GET /report?delay=sleep(5) HTTP/1.1,
171.139.227.100,21/Aug/2025:12:31:40 +0200,suspicious_user_agent,GET /shop/phone?page=2 HTTP/1.1,
189.170.215.33,21/Aug/2025:12:31:40 +0200,suspicious_user_agent,GET /shop/laptop?page=1 HTTP/1.1,
57.187.175.110,21/Aug/2025:12:31:40 +0200,xss_attack,GET /?q=<script>alert(1)</script> HTTP/1.1,
57.187.175.110,21/Aug/2025:12:31:40 +0200,suspicious_user_agent,GET /?q=<script>alert(1)</script> HTTP/1.1,
133.185.240.91,21/Aug/2025:12:31:40 +0200,sql_injection,GET /search?q=' or 1=1 -- HTTP/1.1,
133.185.240.91,21/Aug/2025:12:31:40 +0200,suspicious_user_agent,GET /search?q=' or 1=1 -- HTTP/1.1,
76.97.125.10,21/Aug/2025:12:31:40 +0200,suspicious_user_agent,GET /shop/mouse?page=3 HTTP/1.1,
164.95.78.81,21/Aug/2025:12:31:41 +0200,sql_injection,GET /report?delay=sleep(5) HTTP/1.1,
164.95.78.81,21/Aug/2025:12:31:41 +0200,suspicious_user_agent,GET /report?delay=sleep(5) HTTP/1.1,
53.246.154.171,21/Aug/2025:12:31:41 +0200,sql_injection,GET /report?delay=sleep(5) HTTP/1.1,
53.246.154.171,21/Aug/2025:12:31:41 +0200,suspicious_user_agent,GET /report?delay=sleep(5) HTTP/1.1,
58.105.155.110,21/Aug/2025:12:31:41 +0200,suspicious_user_agent,GET /shop/router?page=2 HTTP/1.1,
241.204.132.209,21/Aug/2025:12:31:41 +0200,suspicious_user_agent,GET /shop/phone?page=2 HTTP/1.1,
211.15.151.73,21/Aug/2025:12:31:42 +0200,suspicious_user_agent,GET /shop/mouse?page=2 HTTP/1.1,
163.165.254.74,21/Aug/2025:12:31:42 +0200,sql_injection,GET /report?delay=sleep(5) HTTP/1.1,
163.165.254.74,21/Aug/2025:12:31:42 +0200,suspicious_user_agent,GET /report?delay=sleep(5) HTTP/1.1,
179.223.99.228,21/Aug/2025:12:31:42 +0200,suspicious_user_agent,GET /shop/laptop?page=2 HTTP/1.1,
88.14.150.123,21/Aug/2025:12:31:42 +0200,suspicious_user_agent,GET /shop/router?page=1 HTTP/1.1,
199.180.232.41,21/Aug/2025:12:31:42 +0200,suspicious_user_agent,GET /shop/mouse?page=3 HTTP/1.1,
230.76.21.141,21/Aug/2025:12:31:43 +0200,suspicious_user_agent,GET /shop/router?page=3 HTTP/1.1,
45.149.227.8,21/Aug/2025:12:31:43 +0200,suspicious_user_agent,GET /shop/phone?page=2 HTTP/1.1,
49.80.62.24,21/Aug/2025:12:31:43 +0200,path_traversal,GET /download?path=../../../../etc/passwd HTTP/1.1,
49.80.62.24,21/Aug/2025:12:31:43 +0200,suspicious_user_agent,GET /download?path=../../../../etc/passwd HTTP/1.1,
141.27.252.232,21/Aug/2025:12:31:43 +0200,suspicious_user_agent,GET /shop/mouse?page=5 HTTP/1.1,
29.175.57.107,21/Aug/2025:12:31:43 +0200,suspicious_user_agent,GET /shop/phone?page=5 HTTP/1.1,
51.162.170.2,21/Aug/2025:12:31:44 +0200,suspicious_user_agent,GET /shop/keyboard?page=1 HTTP/1.1,
159.88.155.96,21/Aug/2025:12:31:44 +0200,sensitive_paths,GET /login?user=admin&pass=admin' OR '1'='1 HTTP/1.1,
159.88.155.96,21/Aug/2025:12:31:44 +0200,suspicious_user_agent,GET /login?user=admin&pass=admin' OR '1'='1 HTTP/1.1,
86.136.126.118,21/Aug/2025:12:31:44 +0200,suspicious_user_agent,GET /shop/monitor?page=1 HTTP/1.1,
1.145.245.117,21/Aug/2025:12:31:44 +0200,suspicious_user_agent,GET /shop/keyboard?page=5 HTTP/1.1,
187.54.71.18,21/Aug/2025:12:31:44 +0200,xss_attack,GET /?q=<script>alert(1)</script> HTTP/1.1,
187.54.71.18,21/Aug/2025:12:31:44 +0200,suspicious_user_agent,GET /?q=<script>alert(1)</script> HTTP/1.1,
2.127.95.154,21/Aug/2025:12:31:45 +0200,suspicious_user_agent,GET /shop/phone?page=1 HTTP/1.1,
78.189.78.15,21/Aug/2025:12:31:45 +0200,suspicious_user_agent,GET /shop/router?page=1 HTTP/1.1,
150.207.146.28,21/Aug/2025:12:31:45 +0200,suspicious_user_agent,GET /shop/mouse?page=1 HTTP/1.1,
239.157.79.219,21/Aug/2025:12:31:45 +0200,suspicious_user_agent,GET /shop/phone?page=1 HTTP/1.1,
179.237.46.20,21/Aug/2025:12:31:45 +0200,suspicious_user_agent,GET /shop/laptop?page=1 HTTP/1.1,
101.120.209.71,21/Aug/2025:12:31:46 +0200,suspicious_user_agent,GET /shop/mouse?page=4 HTTP/1.1,
2.34.226.170,21/Aug/2025:12:31:46 +0200,suspicious_user_agent,GET /shop/keyboard?page=2 HTTP/1.1,
186.182.127.84,21/Aug/2025:12:31:46 +0200,sql_injection,"GET /items?id=1 UNION SELECT username,password FROM users HTTP/1.1",
186.182.127.84,21/Aug/2025:12:31:46 +0200,suspicious_user_agent,"GET /items?id=1 UNION SELECT username,password FROM users HTTP/1.1",
129.234.216.67,21/Aug/2025:12:31:46 +0200,suspicious_user_agent,GET /shop/router?page=1 HTTP/1.1,
59.5.72.57,21/Aug/2025:12:31:46 +0200,suspicious_user_agent,GET /shop/mouse?page=2 HTTP/1.1,
68.124.140.11,21/Aug/2025:12:31:47 +0200,suspicious_user_agent,GET /shop/mouse?page=4 HTTP/1.1,
125.97.184.80,21/Aug/2025:12:31:47 +0200,suspicious_user_agent,GET /shop/phone?page=2 HTTP/1.1,
171.134.176.151,21/Aug/2025:12:31:47 +0200,suspicious_user_agent,GET /shop/keyboard?page=3 HTTP/1.1,
37.117.244.15,21/Aug/2025:12:31:47 +0200,suspicious_user_agent,GET /shop/router?page=2 HTTP/1.1,
248.61.249.150,21/Aug/2025:12:31:47 +0200,suspicious_user_agent,GET /shop/mouse?page=2 HTTP/1.1,
212.3.223.94,21/Aug/2025:12:31:48 +0200,suspicious_user_agent,GET /shop/monitor?page=5 HTTP/1.1,
143.55.130.70,21/Aug/2025:12:31:48 +0200,suspicious_user_agent,GET /shop/phone?page=5 HTTP/1.1,
209.197.74.248,21/Aug/2025:12:31:48 +0200,suspicious_user_agent,GET /shop/router?page=4 HTTP/1.1,
231.168.33.205,21/Aug/2025:12:31:48 +0200,suspicious_user_agent,GET /shop/router?page=1 HTTP/1.1,
23.252.68.59,21/Aug/2025:12:31:48 +0200,suspicious_user_agent,GET /shop/keyboard?page=4 HTTP/1.1,
165.251.174.22,21/Aug/2025:12:31:49 +0200,sql_injection,GET /search?q=' or 1=1 -- HTTP/1.1,
165.251.174.22,21/Aug/2025:12:31:49 +0200,suspicious_user_agent,GET /search?q=' or 1=1 -- HTTP/1.1,
167.6.62.223,21/Aug/2025:12:31:49 +0200,suspicious_user_agent,GET /shop/mouse?page=1 HTTP/1.1,
39.158.41.47,21/Aug/2025:12:31:49 +0200,suspicious_user_agent,GET /shop/keyboard?page=5 HTTP/1.1,
25.64.134.167,21/Aug/2025:12:31:49 +0200,suspicious_user_agent,GET /shop/monitor?page=1 HTTP/1.1,
19.6.207.29,21/Aug/2025:12:31:49 +0200,suspicious_user_agent,GET /shop/laptop?page=2 HTTP/1.1,
46.119.155.122,21/Aug/2025:12:31:50 +0200,suspicious_user_agent,GET /shop/keyboard?page=2 HTTP/1.1,
203.12.136.67,21/Aug/2025:12:31:50 +0200,suspicious_user_agent,GET /shop/keyboard?page=5 HTTP/1.1,
20.98.236.83,21/Aug/2025:12:31:50 +0200,suspicious_user_agent,GET /shop/monitor?page=3 HTTP/1.1,
222.197.231.78,21/Aug/2025:12:31:50 +0200,suspicious_user_agent,GET /shop/keyboard?page=1 HTTP/1.1,
160.240.19.242,21/Aug/2025:12:31:50 +0200,suspicious_user_agent,GET /shop/mouse?page=4 HTTP/1.1,
227.37.66.165,21/Aug/2025:12:31:51 +0200,suspicious_user_agent,GET /shop/monitor?page=2 HTTP/1.1,
194.215.245.33,21/Aug/2025:12:31:51 +0200,suspicious_user_agent,GET /shop/phone?page=3 HTTP/1.1,
114.186.89.89,21/Aug/2025:12:31:51 +0200,sql_injection,GET /report?delay=sleep(5) HTTP/1.1,
114.186.89.89,21/Aug/2025:12:31:51 +0200,suspicious_user_agent,GET /report?delay=sleep(5) HTTP/1.1,
36.170.162.131,21/Aug/2025:12:31:51 +0200,suspicious_user_agent,GET /shop/mouse?page=4 HTTP/1.1,
254.105.77.154,21/Aug/2025:12:31:51 +0200,suspicious_user_agent,GET /shop/keyboard?page=5 HTTP/1.1,
178.101.225.209,21/Aug/2025:12:31:52 +0200,suspicious_user_agent,GET /shop/laptop?page=5 HTTP/1.1,
23.245.204.182,21/Aug/2025:12:31:52 +0200,suspicious_user_agent,GET /shop/phone?page=5 HTTP/1.1,
100.29.216.243,21/Aug/2025:12:31:52 +0200,suspicious_user_agent,GET /shop/phone?page=3 HTTP/1.1,
129.42.99.21,21/Aug/2025:12:31:52 +0200,suspicious_user_agent,GET /shop/keyboard?page=4 HTTP/1.1,
230.19.253.236,21/Aug/2025:12:31:52 +0200,sensitive_paths,GET /login?user=admin&pass=admin' OR '1'='1 HTTP/1.1,
230.19.253.236,21/Aug/2025:12:31:52 +0200,suspicious_user_agent,GET /login?user=admin&pass=admin' OR '1'='1 HTTP/1.1,
74.25.176.30,21/Aug/2025:12:31:53 +0200,suspicious_user_agent,GET /shop/router?page=1 HTTP/1.1,
199.13.160.202,21/Aug/2025:12:31:53 +0200,suspicious_user_agent,GET /shop/mouse?page=3 HTTP/1.1,
171.111.117.42,21/Aug/2025:12:31:53 +0200,suspicious_user_agent,GET /shop/laptop?page=2 HTTP/1.1,
189.84.250.27,21/Aug/2025:12:31:53 +0200,suspicious_user_agent,GET /shop/monitor?page=4 HTTP/1.1,
222.244.121.60,21/Aug/2025:12:31:54 +0200,suspicious_user_agent,GET /shop/keyboard?page=1 HTTP/1.1,
177.162.117.40,21/Aug/2025:12:31:54 +0200,suspicious_user_agent,GET /shop/phone?page=3 HTTP/1.1,
124.13.103.253,21/Aug/2025:12:31:54 +0200,suspicious_user_agent,GET /shop/mouse?page=1 HTTP/1.1,
151.249.101.188,21/Aug/2025:12:31:54 +0200,suspicious_user_agent,GET /shop/keyboard?page=2 HTTP/1.1,
81.141.129.145,21/Aug/2025:12:31:54 +0200,suspicious_user_agent,GET /shop/mouse?page=2 HTTP/1.1,
252.123.46.214,21/Aug/2025:12:31:55 +0200,suspicious_user_agent,GET /shop/monitor?page=4 HTTP/1.1,
4.235.117.189,21/Aug/2025:12:31:55 +0200,suspicious_user_agent,GET /shop/laptop?page=1 HTTP/1.1,
131.214.148.152,21/Aug/2025:12:31:55 +0200,suspicious_user_agent,GET /shop/laptop?page=5 HTTP/1.1,
